epoch,noisy_loss,noiseless_loss,median_loss,krum_loss,hyperbolic_loss
0,1.2534961257298574,1.2529424210465656,1.2941493806147992,1.2590875849424492,1.1649521968804826
1,1.0189685886213644,1.019128745689915,1.0585757998688612,1.017074445325443,0.9548763208775883
2,0.9152832639154846,0.9133480987570821,0.9533026582851626,0.9145420829806544,0.8576412089840513
3,0.8522642657837646,0.849936873327253,0.8930730333032365,0.8517861469018295,0.7989665383725258
4,0.8088511553464991,0.8068603987933596,0.8539867900521142,0.812443620048519,0.7586771880475106
5,0.7810399784192712,0.774988897183555,0.8258608547944133,0.7829843027151404,0.7284725569239467
6,0.7562726160295699,0.7489955966317864,0.8029818517773286,0.7641913430656289,0.7061614679608145
7,0.7359040812144361,0.7281555062826492,0.7851179296501412,0.7453004876303077,0.6863424039331063
8,0.718748834203697,0.7107592064512136,0.7700834706270157,0.7354028369350757,0.6709992935702853
9,0.7098620987596383,0.6961735608316083,0.7575328011561159,0.7182699034494856,0.6573217706983372
10,0.6955151888117372,0.68310754072779,0.7469947051737418,0.7091277752639249,0.6458746634772552
11,0.6854507489820482,0.6717648381115784,0.73777819297346,0.70117033522572,0.635670466766157
12,0.6752520484819233,0.6617091301307353,0.7291804526469108,0.6911277203530192,0.6269094786501704
13,0.6687375413109637,0.6527398175001675,0.7218219351646527,0.6876739632892785,0.6192589398459851
14,0.664184369341348,0.6439389152313902,0.7152125730720578,0.6808302862274338,0.6120824259001179
15,0.6542665377776682,0.6367942404752303,0.7093217147311833,0.6783456569373656,0.605743428329983
16,0.6490168099746034,0.6295280652043365,0.7035883973297169,0.6736666918341265,0.5994056742515003
17,0.6417679602525134,0.6232063316375499,0.6987956838767558,0.6714722908341295,0.5944595014189565
18,0.6367476799255072,0.617544701220832,0.6942575192892594,0.6671355754638976,0.5892453163421525
19,0.6319053064212782,0.611958021734296,0.6899420767873023,0.6655170060231247,0.5856825976577036
20,0.6264600774658371,0.6069070333161217,0.6858413248113934,0.6625534734682917,0.5812248694676316
21,0.6247850473452802,0.6027352646346111,0.6823045297900142,0.6576884483589599,0.5771128797594353
22,0.6212168733456487,0.5980478605726471,0.6790421736696375,0.6546888454834722,0.5735690103487697
23,0.61546398684148,0.5949188300025471,0.6757999109103111,0.6530269313424626,0.5705523368778356
24,0.6122884535011951,0.5896206663390824,0.6728055391012817,0.6522868574400298,0.56681294151388
25,0.6082395493726722,0.585986497645612,0.6703253211540529,0.6507566886211594,0.5640796802402496
26,0.6046165986156162,0.5826458280395527,0.6672071592775878,0.6459445223200235,0.5606271451060477
27,0.6035676039644888,0.5790877025902392,0.6646057363559691,0.6446661174786955,0.5574702283055991
28,0.5999713806817276,0.5759757352283746,0.6628101835111273,0.6426958633797537,0.5549745386168389
29,0.5981882097298683,0.5735204251931206,0.6600092409126903,0.6388195262931269,0.5529144932762999
30,0.5945933902073989,0.5699956624656222,0.6589208253991414,0.640151790293776,0.5501955494698102
31,0.5918832888178446,0.5673202880354126,0.656701082383341,0.6379412037719014,0.5502084790376354
32,0.5899677156613421,0.5647247502471945,0.6545935114518586,0.6369697215534829,0.5463104061333224
33,0.5858631895667671,0.5620523004311274,0.6521431753170092,0.6361882799464503,0.5437726249226016
34,0.5826352433783673,0.5594801672659918,0.6508775383341434,0.636549141289079,0.5430343505740961
35,0.5815082325830756,0.557293117420936,0.6494856790487344,0.6335653549183433,0.5401537444290868
36,0.5794040944543463,0.5548863588205243,0.6478038441221603,0.6355815978674386,0.5384827629989879
37,0.5781548294537169,0.5529143914647711,0.6465987008244763,0.6310162093253497,0.5370136560067357
38,0.5762105029681778,0.5510783194914446,0.6447251159495908,0.6303987120141413,0.535406489805752
39,0.5749749838699624,0.5494243237327797,0.643210253613288,0.6289898165431879,0.5346599782236731
40,0.5729100294541918,0.5470008627667731,0.6418554514971313,0.6280006503391344,0.5319313756959757
41,0.5716992420522145,0.5456544647973792,0.6405709553919202,0.6275352613070687,0.5313665881867797
42,0.5701216184641088,0.5432202538173033,0.6395085585161315,0.6287715402882215,0.5297229419388473
43,0.5681163695170476,0.5416815825161789,0.6384167268103896,0.6291250127834949,0.5279052766793848
44,0.5674726565914313,0.539752701240667,0.6375769277109337,0.6282376975241213,0.5263019902776173
45,0.565901381818456,0.5380217147396985,0.6362502965223665,0.6258540141444618,0.5254404834605579
46,0.5644233293775834,0.5368741565599667,0.6350468803529071,0.6273618502639048,0.5244133859425232
47,0.5632992868002041,0.5348565784588623,0.6341948545983432,0.626181531652214,0.5233025453600298
48,0.5632522957631515,0.5341018355722796,0.6336242261174111,0.6289355353604886,0.5223270196394418
49,0.5612941499053876,0.531923993317957,0.6325880131420584,0.6273047424960222,0.5204400742312503
50,0.5607016903455174,0.5305049945508955,0.6316308299410891,0.6282634643220799,0.5194202749612088
51,0.5613636577239681,0.5291653903668796,0.6303469501071719,0.6282964371847891,0.5179808185030845
52,0.560089629169788,0.5281326207957842,0.6296169795832472,0.6281494801865937,0.5174980066849312
53,0.5597423710108098,0.526445038891081,0.6286650201820345,0.627486428056378,0.5161473782719416
54,0.558371482876909,0.5252511735700707,0.6280064344835591,0.6300510449096924,0.5148096012541052
55,0.5585814602100742,0.5241670412192266,0.6272459647371427,0.6273610233335586,0.5137713274933635
56,0.5563332337380138,0.5231280700785822,0.6264704481106749,0.6268907681036279,0.5131700978668765
57,0.5561285776313687,0.5216268533244551,0.6259976373382097,0.6304149859984924,0.512648608015193
58,0.5557046516982198,0.5205532935387674,0.625262548844669,0.6285983479729382,0.5121488817725476
59,0.5565013797175409,0.5193964010402484,0.6246045777231823,0.6293388654979363,0.510831675368693
60,0.5562905219823068,0.5184090541512515,0.6241439910193299,0.6264288099816969,0.5104857278368112
61,0.5564969055073019,0.5172344316352844,0.6235271852472523,0.6280720771218532,0.5096972699408319
62,0.5550105863871045,0.5161874642446,0.6225380045875138,0.6266624664319894,0.5078513773483366
63,0.5549722348698073,0.5154011552721578,0.6221610724464255,0.6240938187497278,0.5071017136417213
64,0.5550000601564008,0.5148456625859518,0.6212797669074492,0.6241529895424675,0.507151850134006
65,0.5533783002114625,0.5132247247569238,0.6205479178301149,0.6243975256071144,0.505435246368106
66,0.5533490647196809,0.5123640425563455,0.6203107080827653,0.6224107157008475,0.5050960860161914
67,0.554997146615425,0.5112283183165429,0.6198706792442755,0.6245812407188289,0.5043524587400027
68,0.5534770141525857,0.5104038814398072,0.619339537796716,0.6245115926073724,0.5030775321695713
69,0.5510248179272348,0.509543425274403,0.6191362321206791,0.6222156476650809,0.503140608580421
70,0.5515410926105159,0.508581234778269,0.6191716085219215,0.6234414260379987,0.5022020527415517
71,0.5515498899190792,0.5081228863309833,0.6180681437739484,0.6267665600447311,0.5014446952009143
72,0.5496165082411142,0.5068294915019127,0.6176080727807354,0.6232211303462468,0.500789081851568
73,0.5495026041236671,0.5063202175992911,0.617211192065765,0.6228775533802613,0.500691224263879
74,0.5488125889367228,0.5052634714308446,0.6171214397661279,0.6208332215988815,0.4995449342082225
75,0.5492469463548127,0.5044683462801106,0.6168183312027612,0.619277704282887,0.49896180269038365
76,0.5507726019842043,0.5036843248330615,0.6174049476231295,0.6217276811943754,0.4991800732896502
77,0.5504758394158211,0.5030600711822674,0.6159354105958965,0.6219041684941589,0.49819311083220646
78,0.550256555141411,0.5025378893980141,0.615203106988638,0.6240441546876069,0.4970254208806427
79,0.5503377699339919,0.501280485842523,0.614923907589999,0.6227002348095897,0.49717365716480294
80,0.5507217814495264,0.5005792725187453,0.6148908118318239,0.6221219842413848,0.4966074427691143
81,0.5485902946867561,0.5000722408182053,0.613922987959827,0.6225916127437707,0.49700392978462343
82,0.5487533015206033,0.49936709498421183,0.6137360816075121,0.6205574307443273,0.49512108882536016
83,0.5483321932565967,0.49919523787888664,0.6137386770852586,0.6227954893886629,0.49554672734084854
84,0.5481523080907345,0.4979847081315326,0.6134004118506065,0.6204785752375425,0.49433754518194767
85,0.5469406113329447,0.4972639110714613,0.613211016988752,0.6206121943202298,0.49357826117886233
86,0.5461080918691951,0.4967100226415803,0.6125206004146119,0.6215549909803894,0.49457693913376083
87,0.5468682331150531,0.49580780238177335,0.612667047498049,0.6206605093893743,0.4927236550207784
88,0.5470716142952615,0.4952749775319135,0.6121080292694784,0.6223883526696423,0.49399531908502886
89,0.5478356516751658,0.49453250090680395,0.6122244630653261,0.6213321309800686,0.49212156224536713
90,0.5475326414438041,0.493870708625974,0.611810298937828,0.6205442759446086,0.491105481360614
91,0.5466733737907807,0.493256950891918,0.6113230059689101,0.6214386629758221,0.49201282620184794
92,0.5461381055990709,0.49263168077495323,0.6105625526355962,0.6215210481486146,0.49010225856465073
93,0.5453136344094908,0.4920715037410361,0.6107863588095057,0.6216748862965401,0.4898110420393269
94,0.5453664148094689,0.4915203238752447,0.6100509348155201,0.6213459526810429,0.48974828934723785
95,0.544884077702944,0.4909392319643999,0.6101762297525043,0.6210912470972781,0.488950381017401
96,0.5445129286435544,0.4903650831384342,0.6102530489090845,0.6235263917671792,0.48845978271642204
97,0.546050809084046,0.48980751585622334,0.6098862124744882,0.621376202691427,0.48807651860720946
98,0.5452057042169159,0.48943162245543326,0.6094418918877543,0.6221419846550476,0.4892296138812072
99,0.5448048645825809,0.48888268343986996,0.6097859331097109,0.622096030012504,0.4872825712820127
100,0.5431052753594603,0.4883988418552464,0.6096190848297709,0.620760110172556,0.4867071779546706
101,0.5440959189554915,0.4877190552130651,0.6090297688154526,0.6228978141099706,0.48693654945374903
102,0.5441511207503413,0.48733966472724993,0.6084458268461763,0.6228196939694985,0.4857562235358038
103,0.5439955867675483,0.48666239101399655,0.6082382030480827,0.6219646004704396,0.48677199361137213
104,0.5439882695217603,0.48622175251392147,0.6081350785771644,0.6214201474431855,0.4848526311881627
105,0.5432053492307639,0.48591574020302913,0.6081512117885994,0.6200330716733425,0.485453699468215
106,0.542946215425619,0.4851556695273382,0.6076218114534823,0.6207370142481882,0.48625488592357746
107,0.5411967847586748,0.4846559989432812,0.6075621842439728,0.6205326538534948,0.48386209942575786
108,0.5422493309707528,0.4842743376726606,0.6072677969008904,0.6223912080964139,0.4836189071106882
109,0.5418789654233124,0.4836233706234068,0.6069811591554004,0.6206808114024802,0.4837115501318039
110,0.5417627308709277,0.4834108953200403,0.6070507669448789,0.6185836060140693,0.48354732362310465
111,0.5419840097379061,0.4831157606579144,0.6065840889358294,0.6191396076803715,0.4823789366048624
112,0.5414766924476754,0.48237944384223297,0.6063739968407467,0.6191158424071085,0.4823680864666724
113,0.541552966194234,0.48200732774242266,0.6062573751834355,0.6196863248280914,0.4817456412124354
114,0.5413475071993856,0.4815812668274792,0.6059808948429914,0.621191644769729,0.4821111053402395
115,0.5397585265583973,0.48100437067316837,0.6058567699684567,0.6207159418730348,0.48148947370117956
116,0.5393214295935321,0.4804787233808716,0.6056717387404488,0.6197775066052097,0.48118378677929996
117,0.538522368024808,0.48060374905889314,0.6053060984978369,0.6201754104233886,0.48087184370548336
118,0.5372091205461001,0.48012279047552936,0.605010514495668,0.6210333295601379,0.48154703599217236
119,0.5366453410758687,0.4792734335517429,0.60515059280307,0.620676995909891,0.4801969214686992
120,0.5358837596316272,0.4788300606607046,0.6049787463730961,0.6198047874686964,0.48022559781680146
121,0.5346478718196244,0.4786525148161603,0.6049711468598942,0.6195316789422326,0.4799244991360208
122,0.5357808244996543,0.4779704378505357,0.6045329522611543,0.620526506494247,0.4789664957458061
123,0.5357691173410277,0.4777426281423967,0.6046567307508167,0.6236775530389427,0.478989977484693
124,0.5350820595838343,0.4771751301606521,0.6043146300210351,0.6193378769299775,0.4788078538801413
125,0.5358014487026532,0.47678226713218835,0.6040282717381648,0.6204085574186903,0.47940206702384125
126,0.5355082016770798,0.4765325474324182,0.6040640831606916,0.6190438003377847,0.47847390654441596
127,0.5350236593771914,0.47671130875142465,0.6040034267452296,0.6194947236082211,0.47756327660317877
128,0.5358027612950451,0.47603188019135184,0.6039137337485966,0.618844566577614,0.478017427341687
129,0.5360871232285063,0.47526476085830244,0.604008985294381,0.6184890395033509,0.47794273440820717
130,0.5349435734162739,0.47503591951300334,0.6040278251200869,0.6191803825953973,0.47761528238513445
131,0.5355346969914824,0.47459600484080366,0.6036317736203107,0.6194269951120781,0.47802747777471427
132,0.535485041155827,0.4742499750360042,0.6035407079540962,0.6167776536821903,0.47651914234463527
133,0.5357935749943015,0.4739551029444295,0.603708530842887,0.6210026325132395,0.4758164217158743
134,0.5366570253337822,0.47347907060495176,0.6029762091628015,0.6197813706340207,0.47686766703831485
135,0.5361359403516132,0.4730929996320263,0.6029949603686996,0.6213842086647096,0.47525598689508336
136,0.536422353790471,0.47274106862695187,0.6030559684013682,0.6190545015873505,0.4756072841580237
137,0.5360347359549577,0.4726001075697125,0.6030020847439864,0.6201044307174627,0.4751893147360621
138,0.5346801499523555,0.47217768691657347,0.6028090278996499,0.6202480993256918,0.47443058730482335
139,0.5345809095462312,0.4719592078407251,0.6029045280785645,0.6193060340059858,0.47463483592675554
140,0.5335668651292145,0.471612093265961,0.6028032361904742,0.6175915203881425,0.47418029806159656
141,0.5324850556232311,0.47107948032909835,0.6025257056864842,0.6179340661205598,0.4741158743206893
142,0.5324824953795436,0.47099152578724435,0.6024275155385881,0.6182187989828691,0.4737169155200069
143,0.5320603567491523,0.47062554459228834,0.6023842780097339,0.6200378600523158,0.4736246525869652
144,0.5316621665485846,0.47023282588995324,0.6024768761581778,0.6176392313300114,0.4735372692902521
145,0.5308689498202974,0.4700319047012524,0.6022432062608786,0.6183451867572739,0.47349269956060297
146,0.5307125371930013,0.46942649030710437,0.602243670661409,0.619496757832925,0.4734546527746001
147,0.5303818404175802,0.46942366208286507,0.6020875031798522,0.6194978517383225,0.47266405681448836
148,0.5302456165353838,0.4690450674704759,0.6016056461290773,0.6215406005122696,0.47263135592497474
149,0.5296995368486219,0.46897615858592034,0.6016050851404922,0.6192879400900707,0.4714713187123943
150,0.5287220083137293,0.46837563296080037,0.6013913591433482,0.6194691663056615,0.4733427503795312
151,0.5286854367333748,0.4680166279955491,0.6012866221865363,0.6192104833598996,0.4711131452903425
152,0.5285775644152524,0.467800708386856,0.6010703212092767,0.6199551181624752,0.47117854343517684
153,0.5282589883619778,0.4673725103800671,0.6014749444427375,0.6192084213909338,0.4713802663542663
154,0.5283143521735157,0.4670537349710405,0.6013040079223646,0.6184608719737583,0.4709795729203279
155,0.5290132470566947,0.46694264761913074,0.601160826463149,0.6188159822850144,0.47040268447712946
156,0.528969707264911,0.46662811783278296,0.601118993126203,0.6207608858493325,0.47050704933579135
157,0.5286888295987908,0.46647030471886974,0.6007630631611581,0.6196436052903155,0.469552200830847
158,0.5292816290824001,0.46589340191870693,0.6009541598081628,0.6185369704011374,0.47028573026915776
159,0.5290899768029736,0.4663373794717004,0.6013473314950682,0.6214136078137181,0.471483365775319
160,0.5294289776675729,0.46560536008712566,0.6013444255633537,0.6224186109337873,0.4713221466773448
161,0.5305370754980151,0.46528495228273886,0.6009046271084518,0.6208848722723633,0.4702877072134618
162,0.5305406739758026,0.4648210785695791,0.6006020809746235,0.6224497370128367,0.4697282395979343
163,0.5318009538487347,0.4646660430087495,0.6006723625616144,0.6212352685900704,0.46921198560981525
164,0.5302346552628381,0.4645844974387172,0.6004315534090637,0.6217054161813774,0.4690994600356173
165,0.5305873994129198,0.46398813158771335,0.600591345288962,0.6203285038267355,0.46796006473498963
166,0.5304651391805437,0.46378737693926214,0.6002374584154387,0.6197528495947974,0.4681743360249301
167,0.5294610661007411,0.46349231236367455,0.6008081313911173,0.6192721662611314,0.46881761129727473
168,0.5296272462429003,0.46325271242391913,0.6000701605856382,0.621842844108244,0.4677597004379802
169,0.5301626089519859,0.4630172720923202,0.6002090649443138,0.6219274956466461,0.46841756020354697
170,0.5300113680630335,0.46272323427837675,0.5998905392711534,0.6221176582005769,0.46771922983404574
171,0.5305892046587934,0.46248295400366085,0.6003422653900548,0.6227911893493372,0.4671326962448571
172,0.5299211946438634,0.462223480027219,0.6004261531478211,0.6230101677159411,0.4667470553130518
173,0.5289878391182511,0.4622625281708192,0.6001455070553446,0.6212049599358934,0.4672979187283104
174,0.5292088947956399,0.4617666438228429,0.5998284351549169,0.6215074020404406,0.46645172308257765
175,0.5287563403312807,0.46167447869809947,0.5998385978580437,0.6223558147568765,0.4669114596380283
176,0.5291641153651243,0.4612298194024128,0.5995700936666654,0.6211249299881199,0.46672761553278896
177,0.5275793010312086,0.46110519700633423,0.5997593867284029,0.6213424550616031,0.4667290395445162
178,0.5277782490683349,0.4606694758477656,0.59938403849781,0.6223696119289582,0.466196144270565
179,0.5284146435775697,0.46054516369053466,0.5995520613118167,0.6207723464815089,0.4657097524095983
180,0.52779351248839,0.46023144872972227,0.59908705932891,0.6210963069656396,0.4665778305051842
181,0.5283032134881007,0.46002946183641347,0.5995779753668027,0.6222887241479835,0.4661362813427679
182,0.5285970931218997,0.45997490801121577,0.5989420718191203,0.6212552734971003,0.46544050381660246
183,0.52848377956531,0.45958294936509586,0.5991310382587642,0.6213354366139794,0.46557605849611866
184,0.5290349386112145,0.4594192261402144,0.5994328024226818,0.6202107313672403,0.46533196142582633
185,0.5293684739471577,0.4591112732212358,0.5996558372058094,0.619850173388029,0.4648095348131137
186,0.528164000652948,0.458983719510163,0.5992173783627709,0.620115098620477,0.46538123652773583
187,0.5273266921461881,0.4588346303262921,0.5994840843128122,0.6200357162600897,0.46460735102540895
188,0.5281741290512179,0.45848724790106477,0.59949380693579,0.6221020506332908,0.4645174374399489
189,0.5270285727133173,0.45826792595857174,0.5988988596002754,0.6226168203673754,0.4641895326993489
190,0.527168884854936,0.4579824212796783,0.5997036716212732,0.6227722217606505,0.46428960293319105
191,0.5270630844609896,0.457859744087472,0.5989590896059276,0.6214414932538996,0.4649005812379582
192,0.5272580986857746,0.45755475108250393,0.5990741681474794,0.6236919151589525,0.46483864604725694
193,0.5270785408643407,0.4574063178789339,0.5987913745830074,0.6236322470386564,0.4636267886075877
194,0.5267484085496756,0.4574360640586944,0.5990446566845704,0.6252835379914146,0.4640778160776714
195,0.5263385740543721,0.45698174972274874,0.5993333647130051,0.6234605274113555,0.46317080608839983
196,0.5267961624632366,0.4568140603516187,0.5989645965446391,0.6228695503044479,0.4628621941580817
197,0.5259889106829878,0.4565771441282594,0.5988419916979085,0.6226358421519651,0.46358444575690383
198,0.5263391360763033,0.4564203458450822,0.5989244418839371,0.6225813601211346,0.46271253743213114
199,0.5263020157884499,0.456082759360025,0.5985662471982164,0.6222634422569614,0.46331562729998677
200,0.5260970054239268,0.45597946512437637,0.5986209458947183,0.6229534887839738,0.4626262437408538
201,0.5259974239469541,0.4557106030034932,0.5982178514791219,0.6247399710188474,0.46179399093969337
202,0.528148637388694,0.45552055568993394,0.5984027500873624,0.62393473120161,0.463057415940248
203,0.5264051470057333,0.45574281084530155,0.5985282746550448,0.6237846609252645,0.462380602209743
204,0.5276568347335677,0.45517540748836566,0.5984168083421004,0.6232971660722316,0.4619899032211528
205,0.5260999952381857,0.4548944266968108,0.5984613710190904,0.623840052059995,0.46158445013415395
206,0.5259278960489957,0.4548884386294695,0.5978820982786384,0.624279338728293,0.4620110395930776
207,0.5247935271557446,0.45451231178757745,0.5982406658610895,0.6239892322659891,0.4616763069373638
208,0.5247647953759924,0.4547136798130409,0.5983746765682836,0.6238712582950258,0.46250345283690336
209,0.5247209219961887,0.45442769243950665,0.5981175604657585,0.6230140225028851,0.4607327265436279
210,0.5246947985664238,0.45410099436094836,0.5982040743912268,0.6238940991084131,0.4611118108477199
211,0.5243842269659581,0.4537878615036649,0.5979797735575356,0.6251660616306617,0.46098649445737927
212,0.5238381933405356,0.4535728164140477,0.5982531137326143,0.6262684957996382,0.46045632239443124
213,0.5244451657173763,0.45339752073605993,0.5978710779324183,0.6265970681407431,0.4601505113462854
214,0.5251072224604476,0.45325327430336354,0.5980450370727074,0.625710122789943,0.46032688126563437
215,0.5263741656742366,0.453396491450616,0.5981541207312387,0.6278341586071676,0.4602362017430842
216,0.5271100790361761,0.4530844872915618,0.5979886674728019,0.6261960105646034,0.4609532390020397
217,0.5284359632768547,0.4526877221060172,0.5980284965752393,0.6255522583952021,0.460707086921854
218,0.5267754879160438,0.4527040450915286,0.5976046774768723,0.6241172562786677,0.45993475761347835
219,0.5271731398757192,0.45228621359857474,0.5978778383603824,0.6250103396373605,0.45931326512242865
220,0.5277090476039303,0.45225846023120847,0.5979636227555188,0.6231713390677642,0.4607595482162811
221,0.5274062096840908,0.45213544675142453,0.5982465249467046,0.6243895635799546,0.4593974951892328
222,0.5269981698387955,0.45193808166353044,0.5979946414413227,0.623327095005544,0.45948878776451063
223,0.5270010209493627,0.45161074762364434,0.5979421951673863,0.6249523676057531,0.4597800921633727
224,0.5254830775875065,0.45134638661968723,0.5979848177242552,0.6244982396643449,0.4587049192008334
225,0.5264180327336598,0.4512853855884024,0.5981973081111064,0.6247583916196771,0.4584533842653562
226,0.5277612478536765,0.45109261126091593,0.5979706844304534,0.6231923512819825,0.45960540204963424
227,0.5269202574071923,0.4511843675766872,0.5978747869624329,0.6230509761829188,0.45872434719834554
228,0.5283084783282086,0.4507197658777449,0.5975636414909145,0.6239437682560193,0.45827482580493134
229,0.5265754794060385,0.4506089857296053,0.5975793417153951,0.6246876061378098,0.457838869092047
230,0.5256003443581724,0.450769264362303,0.5978118854563981,0.625170386165913,0.45875182730908154
231,0.5263848361369167,0.4511859486822344,0.5977799336135506,0.6245139194371669,0.45812745865665905
232,0.5259290082354547,0.45009997639663146,0.5980739835863692,0.6236743510974663,0.4582549811186729
233,0.5256821890361864,0.4504234102456241,0.5979299077672714,0.6229814318593382,0.4577085080359415
234,0.5259699882967106,0.45011769562688964,0.5979346014774805,0.6232014486127062,0.45828043563454046
235,0.5264718921034216,0.44961114415909936,0.5974222116799357,0.6264710734473354,0.45769531288619136
236,0.5270320653808865,0.4494038174049911,0.5976554669508922,0.6245060028881396,0.45815668713834706
237,0.5270423712175475,0.4493495918962235,0.5973384048801602,0.6249261772517801,0.4567937732921597
238,0.5268460123187418,0.44907096666703633,0.5979421386232806,0.6246601040525778,0.4572690405750501
239,0.5261259874647947,0.44944054845977643,0.5974898188157107,0.6229736705171164,0.45784905691752337
240,0.5274947962670372,0.44876079352526627,0.5975228209008011,0.6237469150380522,0.4577523944956571
241,0.5265297933167841,0.44858144964646807,0.5974095747922843,0.6250464323993312,0.4567210143764148
242,0.5267081786079939,0.448460603593333,0.5974410604991012,0.6241266460786301,0.45691321529375284
243,0.5263311065388878,0.448348848125091,0.597700738024233,0.6249060591549961,0.45678297867712103
244,0.5261554438151528,0.4483948347038176,0.597420607353776,0.6241893583522528,0.45732780251479893
245,0.5268536068475445,0.448014596829875,0.5974443766096061,0.6229160847302273,0.4576206682337804
246,0.5276194173149473,0.44802170438069316,0.5973655524604715,0.6240722120793453,0.4562229806910519
247,0.5270308162224316,0.44767232544312036,0.5972558207703845,0.623109813417151,0.456001773705264
248,0.5273794862695509,0.44749629016326364,0.5973390481155885,0.6253729973837466,0.4565076847662993
249,0.5286750656842732,0.4479182725688566,0.5974048965713504,0.6255429529345972,0.4557952606436115
250,0.5285504898482741,0.44724933508445736,0.5973757302800188,0.6251020170149632,0.456253513882749
251,0.5273583049075689,0.44704246955939586,0.5978871412746556,0.6234756839731566,0.4561760473741315
252,0.52676556949074,0.4479443478954576,0.5974312803948388,0.6228981597374165,0.45620479957379884
253,0.5262351426391234,0.4469963479224182,0.5974377851962783,0.623433755112585,0.4558422082437246
254,0.5271480118105945,0.44677916702561027,0.5974349182037069,0.6227532241367735,0.45565339258752274
255,0.5279362271619944,0.4465028347684655,0.5980449478275769,0.6240816693000799,0.4560352038865969
256,0.5257553088977932,0.4463509342064135,0.5974840168216106,0.6239935907416849,0.45532424667214216
257,0.5263072133855872,0.44620879491111687,0.5975323826927013,0.6243961705045992,0.45554258422922034
258,0.5267281300271548,0.44619782885414644,0.5969434402138764,0.6241368920499345,0.4550084628815314
259,0.5262422702092575,0.44589963469109045,0.5971379576756947,0.6240506133793382,0.4548328131838144
260,0.5252520450570267,0.44572721065569326,0.5971413339987609,0.6245639838552102,0.45490839941495015
261,0.5249307673636523,0.44636345842796904,0.5971020974137099,0.6239157357993484,0.4547482270701963
262,0.5253261967199895,0.4454772625103862,0.5972790939107033,0.6255117071562658,0.45432785804728526
263,0.5258640900651453,0.44547367033015445,0.5976399199586854,0.6248013827412068,0.4556192921934556
264,0.5257495351704643,0.445222407187171,0.5971565761061417,0.6266062680044084,0.45434868224817565
265,0.5263356295376268,0.44510093072795076,0.5973216531301949,0.6276240532926645,0.4545482447099816
266,0.5268782368999094,0.44506067389848114,0.5979800156487214,0.6274478261985605,0.4544766023945597
267,0.5274860232647003,0.44479671346928795,0.5974573825976174,0.626356437848064,0.4546268756758121
268,0.5263606207493347,0.44470994259109586,0.5973529041980249,0.6275770293272338,0.45396952724643114
269,0.526618620962537,0.4444903312655895,0.5971831211563408,0.6268152937723966,0.45427541421332523
270,0.5257794613957084,0.4444380849425542,0.5972318240880573,0.6297160771245996,0.45367616112890347
271,0.5262031131210517,0.4442244160749686,0.596831272946635,0.6273454744272271,0.45377832027021575
272,0.5264868072251552,0.44416338047733595,0.5970153254383105,0.6290823246278855,0.45384876507436106
273,0.5266901971959285,0.4439683164961488,0.5970498745187914,0.6267445307998627,0.4538501182093771
274,0.52542880622886,0.44397896381622554,0.5969238487551554,0.6265738383229432,0.45304118570062224
275,0.5263618891902789,0.44390814316719224,0.5967036476807811,0.6269620539735257,0.4539495234861562
276,0.5260947686728098,0.4436246556772577,0.596915012921537,0.6281523997035834,0.452781937503531
277,0.525259813509883,0.44351503044519897,0.5968883627329591,0.6258567912837167,0.4531830004808337
278,0.5251510759547552,0.44367870645992163,0.5968945859338077,0.6276915651531983,0.4528368128176629
279,0.5258057124020976,0.44322577500674526,0.5972340931184936,0.6260938271705162,0.4526579960265704
280,0.5254931822193089,0.44304956018063396,0.5969045701167759,0.6263282549839312,0.4528864945313144
281,0.5258880282359017,0.4431690688972922,0.5969316572967597,0.6262256977166071,0.4529193591988489
282,0.5263436566574228,0.44285166104087453,0.596430311092912,0.6266995562753848,0.45245460619331307
283,0.5240869725864512,0.44271979035837916,0.5966332321640904,0.6257142620263673,0.45211753893099293
284,0.5245216589210198,0.4425866873087334,0.5966769051228032,0.627020127149586,0.4522449267176158
285,0.5251809139072676,0.4425765060983443,0.59716502188953,0.6267329746282988,0.4521496069574161
286,0.523986531690157,0.44254528751656386,0.5965881470889002,0.6258419461083276,0.45283155407952735
287,0.5235401237764828,0.44227143309031774,0.5964800231063102,0.6271214077093968,0.4525517437798058
288,0.5237004540827815,0.4430454211485159,0.5966447787575533,0.627226160600354,0.4531488821044248
289,0.5250414922924675,0.441953500720879,0.5967368788424945,0.6273042811015405,0.452410557123497
290,0.5244851236002975,0.44188212298017604,0.5966524393791647,0.6281318527161653,0.45231187665597583
291,0.5253018820866517,0.4417351893625385,0.5966970578164316,0.6287116070675683,0.4517887011080539
292,0.5260692809753451,0.44171962368323964,0.5966070309710217,0.6277675958708134,0.4518669849382372
293,0.5271757095393114,0.44150830203397173,0.5966627974893407,0.6277660995882681,0.4515306087640346
294,0.5279258336668908,0.4413429562062933,0.5965205796662062,0.6277601203414911,0.4515909770214315
295,0.5281944513473418,0.44167356701296423,0.5963878283828568,0.6283382005298452,0.4512189915007916
296,0.5285722370295698,0.44138985573438017,0.5966998053574556,0.6272830061880895,0.45158518422713956
297,0.5273043537620062,0.4410278311082815,0.596546448362745,0.6285642942107522,0.4513309634071334
298,0.5272743255912923,0.44087156026044955,0.5967206848221155,0.6282047380072833,0.4514895169509989
299,0.5270852671318175,0.44082803270939086,0.5967644851106466,0.6273184782260722,0.45064551199379166
300,0.5278831953325253,0.4408942035650829,0.5966650538934809,0.6273848157935988,0.45144238043395546
301,0.5260169847279805,0.44046814912807325,0.5965092861567247,0.6276937737249838,0.4516914153808592
302,0.5256016684016774,0.44097786034705233,0.5965542361078697,0.6260253274201751,0.4513753940362089
303,0.5259413727367308,0.4403652962999952,0.5968169342542452,0.6273520682543987,0.45214869699204385
304,0.5265244429659576,0.4401641737823534,0.5965347214524902,0.6252397497642715,0.45113633124975994
305,0.5253563053941851,0.4400143795448831,0.5965341984651471,0.6256261533998577,0.45058865506755236
306,0.5260000735262812,0.4399021156385009,0.5963377196840269,0.6245342419602454,0.45098367017048385
307,0.5251844126390679,0.4402506923363867,0.5968716225347952,0.6253220789024031,0.45023257526446797
308,0.5265983031326938,0.4399220467578423,0.5966826934893027,0.6261007151517358,0.45009693726424876
309,0.5252337106498726,0.4397373831723872,0.5964548493601818,0.6279661248969868,0.4499695075446686
310,0.5259093940092432,0.4396049966145243,0.5966060970747862,0.6276773690329392,0.4502513114948105
311,0.5261019688188776,0.4396472359588573,0.5964789246358517,0.6275423393415339,0.45014552184027723
312,0.5260540535466371,0.4393174518239174,0.5960588850825391,0.6284902150513088,0.449477997830945
313,0.5255306678394284,0.439433647327722,0.5962704775475203,0.627526462473456,0.4502884742279256
314,0.5248569094219984,0.43930950524898965,0.5962329556443627,0.627833695124463,0.45036727070839644
315,0.5252934025492642,0.4393088901158974,0.5964398060670145,0.6292157099587931,0.4497784977044126
316,0.5253991748060284,0.4388440740908462,0.5969738293313466,0.628001549792506,0.4505343392526833
317,0.5260319484723253,0.4388136539916338,0.5963854699459356,0.627858998058612,0.4498873309864605
318,0.5260562487486836,0.43857397748155746,0.5963261410754451,0.6261336915703413,0.44981424046927204
319,0.5262777790760003,0.43860978523201477,0.5964671119147562,0.6289503779562026,0.45004695539808076
320,0.5257470382161855,0.4385037915710833,0.5968755315155707,0.6272055334463915,0.4496321725037234
321,0.524163374832174,0.4383637645388408,0.5964237566948153,0.6308779467163431,0.4501433420963433
322,0.5249430759757668,0.43816617034354693,0.5968371379165724,0.6293711915760914,0.45046933859003174
323,0.5250905498580031,0.4383785630299396,0.5964141230607882,0.6284301288604334,0.44979083493774014
324,0.5249725478074785,0.43805778250886424,0.5960954877616782,0.6275630476348046,0.4500789333905495
325,0.526389527142667,0.43804348875126536,0.5962631257998218,0.6274286120873388,0.4493385050003023
326,0.5259828690614021,0.43776370151953053,0.5967520097533081,0.6263203975150744,0.44892803833895506
327,0.5260754439866627,0.4377042177841446,0.5960307421575164,0.6268421537075195,0.4493131604558946
328,0.5270986290658098,0.43755182310625357,0.5960143552453773,0.6268537294208312,0.44945337926357726
329,0.5263784979737642,0.4376254309502993,0.5959758864159395,0.6264623523577314,0.4487581197416337
330,0.5260033163809881,0.437580100898387,0.5965373747357076,0.6275968895599325,0.4489318881901852
331,0.5259149188826608,0.4372546013740755,0.5964619258487464,0.627020101613018,0.4500434478206618
332,0.525502616315676,0.4371980758133048,0.5966113547841845,0.6269599406693996,0.44869019071103633
333,0.5267291622662668,0.43725229987500847,0.5965028103880483,0.6274618812595346,0.44870709304394624
334,0.525668137505887,0.4371284791358879,0.5962289747780838,0.6266789238946974,0.44887630141670737
335,0.5264227387206616,0.436838548299344,0.5963873839566455,0.6275130750242014,0.4490197737004128
336,0.5254912330007295,0.4367776667385176,0.5960711516153611,0.6284022942788932,0.4487273873460507
337,0.526216025591523,0.43664776502462116,0.5961645005793266,0.626330490589681,0.44912054942493684
338,0.5252779456535716,0.43654842766432,0.5964715347175974,0.6267391617670002,0.4479185522409633
339,0.5260582057562018,0.4364456206773154,0.5962316629833717,0.6258820864602151,0.44813585340742257
340,0.5263116977456644,0.4364350132758762,0.5962522311689558,0.6281637456190924,0.4480481583572518
341,0.5269017582625708,0.43664034514228234,0.5963100052373008,0.6283824014570302,0.4479065599687168
342,0.5267660296281095,0.4365276519773735,0.5961581166999398,0.6288680259386378,0.4484337259721541
343,0.5271487971916118,0.43619475411101244,0.5964173590450959,0.6289738439031152,0.44813637062109035
344,0.5290869312916396,0.43611913696365234,0.5961835472045236,0.6290391256372759,0.4476298916750576
345,0.5287673597158085,0.4359905979258343,0.596236745488535,0.6288079346003225,0.44762596465221227
346,0.5296614879119783,0.43578371756430523,0.5960220118654489,0.6293697377502182,0.447175355214668
347,0.5279043974185823,0.43575801513988227,0.5960837657571437,0.6285697205379873,0.44866102385482015
348,0.5271173156966212,0.43558134663506975,0.596190939993511,0.6289674853899362,0.44784570811774715
349,0.5282603187872158,0.4356768309722602,0.596413834819645,0.6303192334401729,0.44778437806690263
350,0.5281320647252032,0.4355229950257548,0.5961552987405647,0.6299933329588479,0.4476045992915966
351,0.5281967070880054,0.43527174101441907,0.5966214979880677,0.6306544003280523,0.44820904336087514
352,0.5281503169597067,0.4357658406621457,0.596193359891754,0.6307766617724319,0.44739849174488433
353,0.5283278629809063,0.4352930547718477,0.5962252924598226,0.62984797483974,0.44823393760482716
354,0.5279972388833202,0.43506827369244444,0.5960288333933981,0.6285738126408394,0.4471441561053521
355,0.5275423981507756,0.43515044167977807,0.5964294420285721,0.6271996265777791,0.4475321236670583
356,0.5274131688447378,0.4348635320232071,0.5964031485425962,0.6301110933062091,0.4475546001383846
357,0.5273943780759393,0.43486831937002834,0.5962553426058387,0.6290470374978566,0.44661590743403135
358,0.5271446161666057,0.4347563372639739,0.5964343444246657,0.6286945395959084,0.4480185106647128
359,0.5278775117355955,0.43465667244941114,0.595895606125711,0.6289176031737347,0.44659823641493973
360,0.528129154763182,0.4347701402249943,0.5962155477439496,0.6285325187383871,0.44667796222150413
361,0.5270282865593859,0.4343834699094191,0.5960257476376023,0.6289831953653031,0.44678325870091395
362,0.5273828096334878,0.4344404755295431,0.5959782242512466,0.627155638445621,0.44702534657678455
363,0.5279965065661801,0.4342467949392987,0.5963541092794948,0.6282719169333906,0.4459967386570585
364,0.5277744536911861,0.43420975258423333,0.596122671562112,0.6287088820869571,0.4461319366146513
365,0.5282608321776746,0.4341309685382844,0.5959270221254556,0.6276609235260843,0.4469333310956558
366,0.5279915008708866,0.43389889746240834,0.5961469734438655,0.6287480482815435,0.4469008530127437
367,0.5279108542409893,0.4339529094886615,0.5959133192955945,0.6296726224634726,0.44624081134315086
368,0.5287986555671428,0.4338340236937333,0.5962190599449716,0.6280014483313585,0.4473163744051243
369,0.5290861266808865,0.4337447057083812,0.5962629880401,0.6276782264094024,0.44609421256774573
370,0.5303918431257699,0.4335647022820911,0.5963121613227113,0.6281815738508971,0.4463105172160322
371,0.5300094117048159,0.43371527318482794,0.596250761617838,0.6297145480413279,0.44667879244971936
372,0.5293643473704028,0.43352866430777365,0.5965003679148604,0.6300777972154115,0.44564451311663555
373,0.5287261857719547,0.43334512042212314,0.5963020187230597,0.6305289499230423,0.44561068263549736
374,0.5282834805663356,0.4334632378138258,0.596582298459823,0.6302132551787912,0.44606718406185275
375,0.5303670104656414,0.4333041848352006,0.5963048962882875,0.6330113587915998,0.445955985147096
376,0.5301382106525602,0.4331145328066275,0.5963528590481928,0.6322960663634845,0.4469754488793999
377,0.5295622276100297,0.43312086476017236,0.5961643824016137,0.6343906022675555,0.4458651551257227
378,0.5303182850879545,0.4328499489368259,0.5961994406059108,0.6310697773202405,0.44570968631915425
379,0.528795619358055,0.4328921392203488,0.5962357720343442,0.6304314598112781,0.4459291919821541
380,0.5285254629073861,0.4327443968187335,0.5963684561991839,0.632297521847181,0.4462741849815555
381,0.52832598926193,0.43264874476747306,0.5958496491998208,0.6323525547925704,0.4460195714577866
382,0.5284175522786367,0.432731478352546,0.5960347446185499,0.6318402853761539,0.4453432551124563
383,0.527666488433114,0.432960786463031,0.5962455627183808,0.6312762220046294,0.44563436477272844
384,0.5283848836419495,0.4325566711271752,0.5964254784088858,0.6333437822838942,0.446322397950624
385,0.5283643631751133,0.43235093464769275,0.5960903913944255,0.6307283318714345,0.4456545832285628
386,0.5259751995482803,0.4322448042179063,0.5960374072779312,0.6326627202836377,0.4454410400823601
387,0.5271580793375421,0.4322143782304272,0.5963460292016494,0.6323810449366661,0.4451685414627807
388,0.5288187216905299,0.43248637370083004,0.596710692436516,0.6328571358688564,0.44534522087998873
389,0.5291354603940681,0.43194573784644624,0.596050520022221,0.6330462478587748,0.44511487936205485
390,0.529277157815771,0.4319633224976674,0.5961791206082371,0.6329360503160012,0.44470377191733845
391,0.5294570457895768,0.43179962728065985,0.5962994225692915,0.6337065692746978,0.44472877856030313
392,0.5289617137621119,0.43185839631131223,0.5967820495417295,0.6323516344463113,0.4441839238783231
393,0.5298871419680224,0.4318281783020361,0.5964949390873789,0.631922270585483,0.4440551505454456
394,0.5292008283870824,0.431720244764996,0.5963844411027671,0.6321789086427976,0.44508069268756345
395,0.5288208671925105,0.4315640717472863,0.59616601588768,0.6343026249040843,0.44416692317672035
396,0.5296447219549257,0.4314371884460377,0.5963370649214192,0.6323388798906467,0.4441263941720488
397,0.5285195307235547,0.4314343975115302,0.5964861443382189,0.6328840381647728,0.4439070518651055
398,0.5283643302811056,0.4313167909663283,0.596962376806327,0.6332838054917692,0.4443944335451145
399,0.528444737609092,0.4312815895488345,0.5961014663016669,0.632471292680609,0.4441522385157828
400,0.5293554673893596,0.4311265015678753,0.5958885097589354,0.6313903005319903,0.44442154503684217
401,0.5297335272613383,0.43104575737235024,0.5962897644478812,0.630298873220581,0.4446937889573137
402,0.5293212055384794,0.430912314782507,0.5961173593266557,0.6293685351927021,0.4442302265875101
403,0.5297571675804694,0.43095208666441,0.5959274959978108,0.6307609915562811,0.44444892975760647
404,0.530182998214129,0.4308152808320252,0.5960992313859076,0.6317188853898879,0.44342038264289535
405,0.529491115514829,0.4311076230011266,0.596056490300587,0.6314327435871465,0.44382990599202615
406,0.5307797654131321,0.43070861268170363,0.595937286196472,0.6339243831992634,0.4434503853636319
407,0.531288358332506,0.43073905230798926,0.5963092065743929,0.6327264787203315,0.44341414357972825
408,0.5322980029974361,0.4304446806653605,0.5959177782426154,0.6331116440821609,0.4438185106699061
409,0.5311038206407562,0.4305460164824646,0.5956464137693833,0.6322358156579043,0.44368508298946085
410,0.5326754259991784,0.4304516411215271,0.5960304736528261,0.6335372122286014,0.44435038830702717
411,0.5328378871595278,0.4302490773642513,0.5958103331481495,0.6345046748126041,0.4443974028804539
412,0.5325711888677309,0.43052211800998313,0.5964718656991078,0.6312646192768698,0.44325728819045085
413,0.5319986067687397,0.43011034074835475,0.5966813007276853,0.6316950980686972,0.443752041061728
414,0.5321771730321965,0.42995355595774326,0.5959693530367938,0.6313975390921687,0.4430364509419724
415,0.5325249289454198,0.4301350391596713,0.5960820993884289,0.6314027330574439,0.4444365376660006
416,0.5313342806890056,0.4299003314826902,0.5964324451961347,0.6310150775542535,0.4432210541374294
417,0.5312529774230665,0.4298036098699456,0.5962645191343482,0.6342895341600079,0.4432576859187462
418,0.5332758825509674,0.42980997429231166,0.596485035321162,0.6334975079996585,0.442922814362206
419,0.5322500570302346,0.4296244663489651,0.5964802548139501,0.6339045712763441,0.44272842688896674
420,0.5327143000515874,0.4296819194510405,0.5959725458860862,0.6328138859721817,0.44366952673538007
421,0.5323885280322161,0.4296249281300307,0.5960618249096837,0.632690188824138,0.44293125977982334
422,0.5324794178418766,0.42938852517823173,0.5961668131650085,0.6318947536896921,0.44298014055645507
423,0.5321006577138042,0.42943405133842233,0.5961168988078369,0.6322987205319697,0.4428207462879016
424,0.5311209585438533,0.4292067855778246,0.596128844940182,0.6323379394430135,0.4429264133742621
425,0.5327432625180198,0.429190144323242,0.595997138455651,0.6322336251458368,0.44295995639122504
426,0.5322097972656171,0.42905107130988535,0.5960455700520341,0.6320053886118019,0.4425821818874565
427,0.5313807471760582,0.42920443652335977,0.5960358620496087,0.631579904808941,0.44265319273051257
428,0.5318650167225488,0.42905556344866486,0.5959019346610441,0.6332371389997228,0.44209833716572694
429,0.5320017230660894,0.428933674020881,0.5965862223630407,0.6313647778701452,0.44204657377529555
430,0.53227389913242,0.4287590191965815,0.5962928335382792,0.6325928590013283,0.44266249295501026
431,0.5304035693039155,0.42891117405812357,0.5959542360608141,0.6325985757548073,0.4422678334251845
432,0.5313014037842142,0.4287916205734371,0.5960313281352837,0.6322660124025533,0.4424654295872756
433,0.5309535405334463,0.42896576356345745,0.5960177423951646,0.6338138017529902,0.4425284297275173
434,0.5307243695554593,0.4284699228037121,0.5961147564680237,0.6324899906189395,0.44195916556595305
435,0.5309964896913814,0.42884492231713756,0.596347537650053,0.6332616148003815,0.4420749651932291
436,0.5324742801545902,0.4284358684411679,0.5962597173543246,0.6329157295636751,0.4422546518661929
437,0.5334140424922944,0.42882154962792085,0.5963759818879023,0.6336351669966207,0.4420915079323046
438,0.5331369322725146,0.4283177775872943,0.5963341950159966,0.6347438145762084,0.44244522912117945
439,0.5334267288697807,0.4281723055572087,0.5964036961463552,0.634778335502943,0.4415894955071649
440,0.5341198415406886,0.4280497899045471,0.5966962505459243,0.6351075471436001,0.4422590552438759
441,0.5333290066896221,0.4280206647605029,0.5962592380885894,0.6354452063636945,0.4427659083786717
442,0.5339036391211629,0.42794902171694765,0.5963209365199227,0.6347966592826632,0.44184293644536554
443,0.5329357950744442,0.42786435213512025,0.5964223604813303,0.6346758188380837,0.44155085475757244
444,0.5341711816038182,0.4277741439307868,0.5963728786388139,0.6350706443455343,0.442288234333022
445,0.5346270025686755,0.42801138972368485,0.5961518624147081,0.6340006280979884,0.4418240383485032
446,0.5338234533385227,0.42767165228586723,0.5969067760565469,0.6343664802901058,0.441430344714232
447,0.5331815178717314,0.4277665508597256,0.596465612797534,0.6347063998498916,0.441134497895856
448,0.532714115984689,0.427635148602925,0.596284720465911,0.6348220504760447,0.44199981064860316
449,0.5332263436259299,0.4275465179742708,0.5961487663765009,0.6367582336678392,0.44185273375232753
450,0.533975534348885,0.4275737703658807,0.596456016017635,0.6355957340113514,0.44104398844926324
451,0.5325970299078074,0.4274284819144061,0.5967623160345077,0.6361386561749066,0.44116164575794725
452,0.5343119682321673,0.4272770699032397,0.5966807676417341,0.6360090514257349,0.4415028499607446
453,0.5325165002891374,0.4272433842760659,0.5960528657256287,0.635175129838702,0.44252118882981495
454,0.5318972931005178,0.4270998996512223,0.596524509497959,0.6360210491517656,0.44061142421822025
455,0.5318438741372845,0.42729512407833836,0.5960988202342419,0.6350617246511722,0.44052755085274414
456,0.5330777444284718,0.4270652035060599,0.5963466629050066,0.6362879851565234,0.4406072806042738
457,0.5329572186451363,0.4269465568669236,0.5967547388905218,0.634277438199408,0.44094569004010753
458,0.5338994648772127,0.4269067371515653,0.596222165926783,0.6342534210481341,0.4414377176979556
459,0.5343802414661082,0.4267929694285602,0.5964963106013954,0.634313044246669,0.44139067955333644
460,0.5343685618227523,0.4266985126107321,0.5963885737102009,0.6368681012976791,0.44031460551748913
461,0.5327995795309098,0.4266566788459261,0.5963056998685472,0.6370030388066596,0.4407184633032566
462,0.5335992791217228,0.4267656521236028,0.5964908824383724,0.6366617869706795,0.4406848869927589
463,0.5319990439320059,0.42664754734484767,0.5965015181582136,0.635096903277743,0.44063349111534506
464,0.5315860630703466,0.42671473768991514,0.5969236614022599,0.6349256234447151,0.44063383879063456
465,0.5321156342625603,0.4264832624602717,0.5964123393537085,0.6359184300614675,0.44079954671717264
466,0.5320746873625835,0.426561876495811,0.5961999140542151,0.6371049730214454,0.4407924169959409
467,0.5317239931483868,0.4265092137350633,0.5961172971283479,0.6356160350575125,0.4414264970283188
468,0.5303991603047525,0.42652849011147137,0.5964902031736264,0.6367831592526998,0.4404326317882509
469,0.5314441989159274,0.4262176140948619,0.5961912930996875,0.6354540439996723,0.440569858210631
470,0.5308288283663215,0.4261022711256866,0.5958467532263552,0.634503960018848,0.440345680481184
471,0.5314073385498054,0.4261973956259496,0.5960797715030541,0.637173052299584,0.440546536008189
472,0.5300362931387986,0.4262109464303223,0.5958304072254,0.6355331174947354,0.44051620689223436
473,0.5302029760329529,0.4258632733324916,0.5961192879082191,0.6376373677765866,0.44042699232675414
474,0.5311763091232651,0.42592904461321807,0.596024431551467,0.6364016375918108,0.4402752720550724
475,0.5310988368211946,0.426051562017996,0.5964309812817299,0.6381744654764423,0.4406209381398462
476,0.5314500930987349,0.4257343238669482,0.5962692555545626,0.6369995447081768,0.43993065314605845
477,0.5317501640361643,0.4260703891070429,0.5965584451824903,0.6345901381856895,0.4405002369744971
478,0.5324730842987497,0.4256509850233526,0.5962139269945915,0.6336904914499831,0.4396237448461024
479,0.5318552447761828,0.42560881121527566,0.5966161005049988,0.635229825986137,0.44046621555807697
480,0.5324801936201028,0.4254551202486159,0.5962880747486488,0.6353637302934422,0.4400974936126801
481,0.5320588654391437,0.42548371287323117,0.5960415084835564,0.6358104616099975,0.4399553917783506
482,0.5323079473620448,0.42552776112703694,0.5964122175531404,0.6358389593040153,0.4401572727878978
483,0.5320325091485006,0.42546296305839837,0.5963236539376227,0.6348568954563611,0.43994646935283027
484,0.532309224646792,0.42534420506998627,0.5965737881290396,0.6348085902304802,0.43939502032498445
485,0.5303553919394136,0.4252128886153997,0.5960760198875931,0.6355776881319858,0.440695424614792
486,0.5299502884038398,0.42523593231513035,0.5962746631704889,0.6359274359884259,0.4398275734454392
487,0.5306468479784504,0.42515939565942673,0.5962115650327423,0.6363062292851493,0.4394965636847664
488,0.5298390244585016,0.4251782289557213,0.596100995895696,0.6350854290770295,0.43986845077250675
489,0.5295279485639057,0.4250931568215294,0.5959609529694505,0.6350812894980962,0.43967469263438047
490,0.5301610713605784,0.4248439738702096,0.5961652282643403,0.6367611048763492,0.4394704271551212
491,0.5307054381813215,0.4247601146882453,0.5961248394274966,0.6357487054740185,0.43982217026050713
492,0.5299531633131727,0.4247092965331206,0.5963478503146427,0.6346005703981199,0.4394471072813858
493,0.531171333500103,0.4246842628682788,0.5965905567307461,0.6352962374726159,0.43957260869304665
494,0.5313219287443193,0.42457402103352476,0.5960514411901454,0.6344782846599605,0.4396850893984669
495,0.5296355051503482,0.4249154811338257,0.5965863095253124,0.634980718172134,0.4396664107364115
496,0.5303490360997876,0.4245890879910351,0.5960926142606545,0.6348778392429707,0.439840289351499
497,0.5292023763933773,0.4247946599486999,0.5964498281043221,0.6346891838814606,0.4392678017953726
498,0.5315273590076687,0.42435817603841364,0.5963789046824188,0.6337771578464829,0.43871888795139174
499,0.5295326310466163,0.4242848786834878,0.5961477148796648,0.6356266334074618,0.439108186253391
