byzantine_fraction,noise_variance,aggregation_method,baseline,epoch,train_loss,train_MSE,train_MAE,train_MAPE,train_RMSE,test_MSE,test_MAE,test_MAPE,test_RMSE
0.2,100.0,hyperbolic,False,1,0.9432858306322699,0.9328113235185079,0.7038269108989818,110.67783516976523,0.9658215795469202,1.3019032731791522,0.8226402492030331,110.803877906731,1.141009760334745
0.2,100.0,hyperbolic,False,2,0.9611939362067485,0.9223615793493863,0.6830694955353354,108.94855496569326,0.9603965739991924,1.2994806476842578,0.8052997534285138,109.40680860574264,1.1399476512911713
0.2,100.0,hyperbolic,False,3,0.9016808595717232,0.9128543195601936,0.6680776900426456,111.55137804049082,0.9554341000614295,1.293324379998947,0.792413278822813,111.6536821621432,1.1372442042054762
0.2,100.0,hyperbolic,False,4,0.9031920255309789,0.9005136031344115,0.6553381326919894,113.61462917744387,0.9489539520621701,1.279942558190533,0.7807044795180687,113.22583180133225,1.1313454636805387
0.2,100.0,hyperbolic,False,5,0.8763617409097257,0.8837086747043601,0.644053366092128,114.5581344238678,0.9400578039165252,1.2564979407274834,0.7691441640047707,113.57396904110078,1.1209361894093184
0.2,100.0,hyperbolic,False,6,0.8273044044552283,0.8592622727852002,0.6312063294292916,115.01750186802649,0.9269640083548013,1.219091368612842,0.7546846918886304,113.46696071747327,1.104124707002267
0.2,100.0,hyperbolic,False,7,0.870063303177741,0.8293535780753488,0.6176640317964147,115.41175858933947,0.9106885186908578,1.175063060822888,0.7396651519215532,113.97530309452164,1.0840032568322329
0.2,100.0,hyperbolic,False,8,0.8019476121761532,0.7931682809699918,0.6022869747756112,117.13832390378886,0.8905999556310296,1.120478261157731,0.7219850286209663,116.82523250658772,1.0585264574670445
0.2,100.0,hyperbolic,False,9,0.7258039086221535,0.7542385121929311,0.5859062403450791,120.92517660633193,0.8684690623119117,1.0604912052366222,0.7025594160027799,122.5553304492061,1.0298015368198972
0.2,100.0,hyperbolic,False,10,0.7651737979743803,0.7108656248756658,0.5685659988090782,126.80880721827053,0.8431284747152511,0.9929879579310105,0.6814130064054222,130.958319935305,0.996487811230529
0.2,100.0,hyperbolic,False,11,0.6883573272900883,0.6727834460543138,0.5523711551900089,133.97930827921508,0.820233775246005,0.9326786032625448,0.6613669436422897,140.5197304531272,0.9657528686276551
0.2,100.0,hyperbolic,False,12,0.6196347165191285,0.6405734169497111,0.5373989849942248,141.6499421410197,0.8003583053543651,0.8815993392300383,0.6429955322324412,150.5204397329533,0.9389352156725396
0.2,100.0,hyperbolic,False,13,0.6096118289768417,0.6134550818285652,0.5251106008628723,149.23392551066237,0.7832337338423092,0.8371854861763036,0.6271100714292559,160.53563162372947,0.91497840749184
0.2,100.0,hyperbolic,False,14,0.5992521312714458,0.5918888908192933,0.5143906808910244,156.56153567677248,0.7693431554379966,0.8010466866125571,0.6130731398844691,170.05656293737866,0.8950121153440087
0.2,100.0,hyperbolic,False,15,0.6048668925345779,0.5754467717537256,0.5054369886883053,163.08617867782914,0.7585820797736561,0.7729128756534274,0.6012718447200518,178.42044755976804,0.8791546369401844
0.2,100.0,hyperbolic,False,16,0.5547966384546501,0.5632427311110719,0.4984483526406307,168.42258604987956,0.750494990730166,0.7520361950742864,0.5920107901470404,185.3841870572423,0.8672002047245414
0.2,100.0,hyperbolic,False,17,0.5534582847694509,0.5544762674057595,0.4928223196876426,172.65016516546655,0.7446316320206653,0.7351130730359354,0.583953196981564,190.87445083148094,0.8573873529717682
0.2,100.0,hyperbolic,False,18,0.54571258135697,0.5469286060918157,0.4885206942307337,176.10059541789562,0.7395462163325668,0.7223904890434765,0.5779483836558355,195.58959622909634,0.8499355793490919
0.2,100.0,hyperbolic,False,19,0.5635611344059216,0.541377153735016,0.48485091214564136,178.52387145613056,0.7357833605994472,0.7121847709205663,0.5726971124019293,198.98249130298396,0.8439104045575966
0.2,100.0,hyperbolic,False,20,0.5505333488685227,0.5363316801942397,0.48165097148294245,180.6187070946192,0.7323466939873763,0.7028336887047669,0.5678870352543075,202.00563652645624,0.8383517690711739
0.2,100.0,hyperbolic,False,21,0.5212338050287739,0.5322603855943568,0.4793087124855023,181.84023610298374,0.7295617764071504,0.6946232142013924,0.5639276239427664,204.07518975892262,0.8334405882853273
0.2,100.0,hyperbolic,False,22,0.5519424893188282,0.5287058454389885,0.47686891829773564,182.85414975195442,0.7271216166770098,0.6887347241428411,0.5603894678011043,205.76353294003647,0.8299004302582575
0.2,100.0,hyperbolic,False,23,0.5394122412463076,0.5256854665822515,0.47514942021130036,183.38058828537908,0.7250416998919796,0.6831584742693143,0.5574526260286188,206.94583435439796,0.8265340127721994
0.2,100.0,hyperbolic,False,24,0.5361193899483045,0.5231789602924173,0.47341168790982574,183.45564186132592,0.7233111089236894,0.6786174799237296,0.5547571105465605,207.48736684237358,0.8237824226843697
0.2,100.0,hyperbolic,False,25,0.5374739809379538,0.5208012447387815,0.47155901031813335,183.61289946222414,0.7216656045141555,0.674561626443239,0.5521268091820801,208.04537276926592,0.8213170072774818
0.2,100.0,krum,False,1,0.9561389629320006,0.9369450422856852,0.721888324693286,120.68973330968313,0.9679592151974613,1.2941582484223018,0.8368429342726276,120.87533618891923,1.1376107631445396
0.2,100.0,krum,False,2,0.8804910914780938,0.9287275356179643,0.7060280923195946,113.19591958472527,0.963705108224484,1.2934837040500107,0.8237989983881656,113.6672577506409,1.1373142503503642
0.2,100.0,krum,False,3,0.9440734391144224,0.9227041653313927,0.6921687848300973,109.32785712302162,0.9605749139611094,1.292883651000317,0.8121160864605761,109.80038083211232,1.1370504170881417
0.2,100.0,krum,False,4,0.9373580493102563,0.9170873970768162,0.6819742498332236,109.4868764185964,0.9576468018412718,1.2913362915827848,0.8037133785571995,109.66435368895982,1.1363697864616011
0.2,100.0,krum,False,5,0.9345884738820736,0.9115913813568164,0.6734958742661195,110.48200403122479,0.9547729475413599,1.2866068496325305,0.7960176841775682,110.44212760513665,1.1342869344361375
0.2,100.0,krum,False,6,0.9178678998984745,0.9055178030350498,0.6651603376892118,111.88604793554038,0.9515869918378718,1.2831502615291381,0.7890898499447281,111.59629485931045,1.1327622263869581
0.2,100.0,krum,False,7,0.9098580943194227,0.8991964092460748,0.6588760787718384,112.77442226105354,0.9482596739533296,1.2744118704974094,0.7827261070588919,112.23724804762453,1.1288985209031897
0.2,100.0,krum,False,8,0.8854085224045214,0.8917946453406432,0.652928280723099,113.43258244549213,0.9443487943237092,1.2648959948080722,0.7768734388807703,112.63775480540413,1.1246759510223698
0.2,100.0,krum,False,9,0.862693128950685,0.8833170138717255,0.6466331201200534,114.06546549411193,0.9398494634098195,1.2542814411849619,0.7707858969094671,113.03064872558792,1.1199470707068981
0.2,100.0,krum,False,10,0.8738094646414029,0.8738170091724284,0.6405394752761129,114.48181029257516,0.9347817976257499,1.240984057154611,0.7644982722954949,113.2506579271473,1.1139946396435716
0.2,100.0,krum,False,11,0.8652030268910332,0.862715240846449,0.634967587635616,114.48777594472983,0.9288246555978416,1.2249340331443002,0.7584587725344071,113.15875949498226,1.106767379869998
0.2,100.0,krum,False,12,0.8574172843456547,0.8499946230761358,0.6287200113436272,114.5550644672046,0.9219515296782883,1.2060655639550397,0.7514908574283269,113.2478868335031,1.098210163837068
0.2,100.0,krum,False,13,0.850381992478794,0.8362835671787507,0.6226782966618477,114.63390500008686,0.9144854111350004,1.185627690542524,0.7446122321988942,113.51146355549642,1.0888653224997682
0.2,100.0,krum,False,14,0.8014525467547301,0.8216522833175748,0.6160988952709284,115.04231480110998,0.9064503755405338,1.16370017339136,0.7371316695910486,114.28631826119995,1.078749356148758
0.2,100.0,krum,False,15,0.8619302084895774,0.8059564224470441,0.6095320835234372,115.65017287994215,0.8977507574193653,1.1390217729260987,0.729148010835351,115.43192560269779,1.0672496300894645
0.2,100.0,krum,False,16,0.8096940724927688,0.789559182127781,0.6022761527744968,116.80700513477554,0.8885714277016682,1.115009485561157,0.7210552007695924,117.21405447698213,1.055940095630977
0.2,100.0,krum,False,17,0.7503310739297733,0.7725977588131606,0.5947280651969002,118.45185619725515,0.8789754028487717,1.0894034373983044,0.712353268166558,119.63623989311382,1.0437449101185137
0.2,100.0,krum,False,18,0.7547698244626555,0.7553128721627677,0.5863013985352672,120.65007061962403,0.8690873788997098,1.0635796045867083,0.7029142164331129,122.69430431352362,1.031299958589502
0.2,100.0,krum,False,19,0.7595426848280096,0.7375171479429597,0.5778677462993279,123.34593820638638,0.8587881857262358,1.036760514306131,0.6933561566164957,126.26320186195154,1.018214375417147
0.2,100.0,krum,False,20,0.741653875909119,0.7204000182867607,0.5699307679401621,126.25764162507748,0.8487638177295028,1.009634510100445,0.6838078839925259,130.1000110641664,1.004805707637275
0.2,100.0,krum,False,21,0.7016896897596177,0.7022234874768792,0.5623441916591242,129.50326265459117,0.8379877609350146,0.9812525193267894,0.6746220594496807,134.43463776008159,0.9905819094485773
0.2,100.0,krum,False,22,0.6939645899616391,0.6846378912853304,0.5547019345590951,133.1626172747259,0.8274284810697118,0.9544324614455767,0.6656859444949723,139.17583564492952,0.9769505931445953
0.2,100.0,krum,False,23,0.6599491592670712,0.6678347038888486,0.5468021006857365,137.1942472061042,0.8172115417007083,0.9278666466196007,0.656222866374734,144.29338750773644,0.9632583488450026
0.2,100.0,krum,False,24,0.6625359348917954,0.6521639042995243,0.5398273619004889,141.30462627424382,0.8075666562578747,0.9026519404114964,0.6475642300431436,149.5156407458523,0.9500799652721325
0.2,100.0,krum,False,25,0.6216112065398804,0.6371743321488393,0.5332431905161656,145.60367046242933,0.7982320039617801,0.8781042218765366,0.6391620404338496,154.99721752547202,0.9370721540396645
0.2,100.0,average,True,1,0.9399417936453752,0.9335445118632829,0.711318878273032,115.2317421602116,0.9662010721704272,1.297630054092853,0.8285591738278605,115.26414170617478,1.13913566096969
0.2,100.0,average,True,2,0.9680808901995699,0.9270305880040766,0.702778745279202,112.14536347414266,0.9628242768044835,1.2934376814655055,0.8212116350590772,112.34441050460975,1.1372940171589339
0.2,100.0,average,True,3,0.9311390470748193,0.921006567462861,0.6952260570665916,109.88398342438848,0.9596908707822853,1.2889517392510565,0.8146107484035385,110.19124428872529,1.1353201043102585
0.2,100.0,average,True,4,0.9346663362616412,0.9155840094888879,0.6882017418850496,108.7235763411792,0.9568615414410215,1.2848102678762419,0.8084330788343588,109.00346337838451,1.1334947145338798
0.2,100.0,average,True,5,0.9222653586347805,0.9107628809375183,0.6818125392663456,108.60705720631462,0.9543389759082034,1.2808269128621181,0.8027948792320501,108.80253989140311,1.1317362382031062
0.2,100.0,average,True,6,0.8788659272140988,0.9058777815618805,0.6758582940020461,109.13502783036684,0.9517761194534566,1.2763893214341635,0.7975031414270519,109.18027932432875,1.1297740134355028
0.2,100.0,average,True,7,0.9213588578609105,0.9008194317118586,0.6702173601515896,109.93782384585016,0.9491150782238467,1.2714076351339572,0.7923827915569692,109.79142479303287,1.1275671310986133
0.2,100.0,average,True,8,0.9591520891011318,0.8955206961553788,0.664899038935159,110.72581933885115,0.9463195528759716,1.2651951354797755,0.7872979745697376,110.3895379097368,1.1248089328769466
0.2,100.0,average,True,9,0.8637174316725441,0.8898310485147984,0.6596128522963144,111.5194296882422,0.9433085648475786,1.2586532861829918,0.7823717436306145,110.98301246662929,1.121897181644999
0.2,100.0,average,True,10,0.8641043154470552,0.8837596083007683,0.6544092037030937,112.27312249477262,0.9400848941987996,1.251108432206038,0.7773103764079154,111.56239066451987,1.1185295848595325
0.2,100.0,average,True,11,0.8764039175671952,0.8771719130748343,0.6493567584526035,112.93059788573785,0.9365745635425053,1.2423245851124558,0.7722855155056467,112.03434140260225,1.1145961533723574
0.2,100.0,average,True,12,0.8453519350944836,0.8701910480648001,0.6443259875166236,113.55139901015963,0.932840312199682,1.2324439001696132,0.7670572192386854,112.47453800519294,1.1101548991783143
0.2,100.0,average,True,13,0.8948379626898008,0.8629604813024819,0.6393325107907496,114.15008958730442,0.9289566627687655,1.2235784750675487,0.7622927527740772,112.93956367297137,1.106154815144584
0.2,100.0,average,True,14,0.8862773674392255,0.8547020041009533,0.6343307135158847,114.65329648980256,0.9245009486749883,1.2120404006721817,0.7570591980152238,113.34653337654798,1.100927064192802
0.2,100.0,average,True,15,0.833021044765956,0.8462613274769806,0.6292829625929143,115.193961082051,0.919924631411172,1.2004413735643726,0.7519159382607097,113.85482091592382,1.0956465550369665
0.2,100.0,average,True,16,0.7919643232163703,0.83776325795138,0.6243236835168634,115.76283237728767,0.9152940827686913,1.1878137577359922,0.7465172070585862,114.41772002579064,1.0898686882996467
0.2,100.0,average,True,17,0.8109070209211835,0.8286812867725564,0.6193737755285073,116.34317157783309,0.9103193323073813,1.1747573307741468,0.7412510252623948,115.07905363051627,1.083862228686906
0.2,100.0,average,True,18,0.8389711855588672,0.8191821099581006,0.6143855498886838,117.0032425727048,0.9050867969195554,1.1606188332923104,0.7357111603081274,115.90435995945019,1.0773202092657088
0.2,100.0,average,True,19,0.7753630534824089,0.8091956357532573,0.6094577538483995,117.7099374730386,0.8995530199789544,1.1458788809375229,0.7302862066862852,116.88032746611022,1.0704573232677344
0.2,100.0,average,True,20,0.8537060556080297,0.7983385322041043,0.6044377429685501,118.53790508248849,0.8934979195298131,1.129816109610495,0.7246477875495755,118.06006560966529,1.062928082990799
0.2,100.0,average,True,21,0.7947257208489926,0.7878391959260558,0.5994698980321862,119.53866296024994,0.8876030621432397,1.113800995678545,0.7189826738564018,119.44890687153035,1.0553677063841518
0.2,100.0,average,True,22,0.7793017047170167,0.7769223673391008,0.5941594500289586,120.74980768143485,0.8814319981366122,1.0975877949010546,0.7130783700848985,121.09588935814506,1.0476582433699715
0.2,100.0,average,True,23,0.7534230279379359,0.7660796434453158,0.5892765732301801,122.01839274046289,0.8752597576978596,1.0807831167617692,0.7072862033831651,122.86066031788611,1.0396071934927005
0.2,100.0,average,True,24,0.7548360170570211,0.7548275357025249,0.5841878120295718,123.49130239332693,0.8688081121297873,1.063582322864889,0.7013810866913903,124.87778290257414,1.0313012764778724
0.2,100.0,average,True,25,0.7170475869326391,0.7437581441530557,0.579296293589777,125.03191581247393,0.8624141372641428,1.046720208687203,0.6957262706772379,127.01278324383532,1.023093450612994
0.2,100.0,median,False,1,0.9391737972325254,0.9466913102943206,0.751510213771871,127.63936919157904,0.972980632024256,1.2868289657842333,0.8606703188721927,126.87711520936094,1.134384840247891
0.2,100.0,median,False,2,0.9135870643168966,0.9368468470801817,0.7345536724124275,116.80254645079708,0.9679084910673021,1.2858363217282518,0.8469383013207719,116.55345250050087,1.133947230574797
0.2,100.0,median,False,3,0.9122345759141668,0.9300257675001554,0.7202395385570418,109.00034158083109,0.9643784358332342,1.2859075019292743,0.8351776005012689,109.16431669327974,1.1339786161693148
0.2,100.0,median,False,4,0.9305985616955245,0.9244943602341358,0.7083804989560046,105.26239015463055,0.96150629755303,1.2859313563208714,0.8254813265563302,105.62732791890588,1.1339891341282207
0.2,100.0,median,False,5,0.9592604056418499,0.9194796698812012,0.6985337385997163,105.34475581063654,0.9588950254752608,1.2848849491538288,0.8173142553052151,105.65686163386385,1.1335276569867314
0.2,100.0,median,False,6,0.9383132171547302,0.9153754510612131,0.6902600145627732,106.86672463927209,0.9567525547711974,1.2823739542025272,0.8099971466222904,106.98647710710698,1.1324195133441173
0.2,100.0,median,False,7,0.9081768075474234,0.9114459647196476,0.6828302824931562,108.56475695739604,0.9546967920338099,1.2813837556081398,0.8039133890933811,108.51600868918261,1.1319822240689734
0.2,100.0,median,False,8,0.9091650651088942,0.9069562689792887,0.6769561768726318,109.88906705804855,0.9523425166290166,1.2763706880195118,0.7983891946699972,109.63373539139101,1.1297657668824594
0.2,100.0,median,False,9,0.9076853459787981,0.9024275528075539,0.6712568365951846,111.23888037361793,0.9499618691334689,1.273013532440239,0.7935672630091787,110.77481674186758,1.1282790135601384
0.2,100.0,median,False,10,0.8784070096770736,0.897092954856213,0.6666222173803404,112.17522698442491,0.9471499115009265,1.266397856941847,0.7891129733929597,111.48514266311696,1.1253434395516095
0.2,100.0,median,False,11,0.9348489412533068,0.8914147172923957,0.6621643035519873,113.02966446055353,0.9441476141432523,1.2589762944762952,0.7847105421194623,112.0993311174431,1.1220411286919456
0.2,100.0,median,False,12,0.9167403206925526,0.8848147106087096,0.6579525808481635,113.69806547700405,0.9406459007558102,1.2502565849050182,0.7805247090891784,112.51839523755187,1.1181487311198892
0.2,100.0,median,False,13,0.9009240843599366,0.8779061174838343,0.6537068483388054,114.3695905299833,0.9369664441610672,1.2402607592466837,0.7760722306317676,112.96377404612652,1.1136699507693846
0.2,100.0,median,False,14,0.8628389562749974,0.8697713106243967,0.6496365521187969,114.86227989756522,0.9326153068786704,1.228910707285471,0.7717534522987864,113.28438263649036,1.1085624507827563
0.2,100.0,median,False,15,0.8404963996226542,0.8618454694678294,0.6455998224446181,115.39314529855488,0.9283563267775091,1.2164588977243298,0.7671250282712544,113.70217635051831,1.102931955165109
0.2,100.0,median,False,16,0.8861534542743569,0.8529498787057177,0.6412049799196384,116.02335108381948,0.9235528564763998,1.2034457442916442,0.7623409249596806,114.27446569993049,1.0970167474982522
0.2,100.0,median,False,17,0.8314423971922598,0.8434866061695269,0.6370458035554667,116.57119267128253,0.9184152689113606,1.1890782457645808,0.7575374461297485,114.87684223900074,1.0904486442582157
0.2,100.0,median,False,18,0.8282958354592045,0.8330486026183467,0.6328065843401457,117.16743897628893,0.9127149624161679,1.173055054149895,0.7525369209373254,115.60417573830577,1.083076661252515
0.2,100.0,median,False,19,0.8586563572426823,0.8223943863864814,0.6285197256431193,117.87986994769224,0.9068596288216173,1.1557742596786713,0.7471459809100527,116.51863645717522,1.0750694208648441
0.2,100.0,median,False,20,0.8545288592751059,0.8116332114648039,0.6240285772113805,118.7733893696086,0.900906882793557,1.1396137391016863,0.7419407323106197,117.69516443828411,1.0675269266401135
0.2,100.0,median,False,21,0.7596997740356443,0.7999322521979007,0.6195066917819348,119.79165969713834,0.8943893180253779,1.1222962436274948,0.7367522900340656,119.13218771428026,1.0593848420793526
0.2,100.0,median,False,22,0.8046742609971873,0.7884791615619281,0.6146944776758902,121.01017762814973,0.8879634911199492,1.104590564409149,0.7309670694375222,120.79532118143736,1.0509950353874888
0.2,100.0,median,False,23,0.7557349528455846,0.7763779414034335,0.6102730931892265,122.2392136796555,0.881123113647255,1.0851365348724562,0.725291425900809,122.6218496482776,1.0416988695743392
0.2,100.0,median,False,24,0.7831904984940993,0.7641265507195597,0.6053105394108304,123.75941701309748,0.8741433239003543,1.067062382107583,0.7196075613059827,124.74634912637728,1.032987116138233
0.2,100.0,median,False,25,0.7510719038720164,0.7516220417744088,0.6004236111000885,125.39940645641379,0.8669613842463855,1.0476515446310846,0.7135951586576402,127.08221072258776,1.0235485062424177
0.2,200.0,hyperbolic,False,1,0.9454342001509444,0.9283960104406437,0.7090407565321534,112.53062757496399,0.9635330873616348,1.2896581138962897,0.8260140054239951,112.63401523437207,1.1356311522216576
0.2,200.0,hyperbolic,False,2,0.9504734035407272,0.916052006672476,0.6868364232864574,108.35671434410072,0.9571060582153245,1.286041386773653,0.8075095214917234,108.57120404665501,1.134037647864326
0.2,200.0,hyperbolic,False,3,0.8812950064785012,0.9059887837583773,0.6716036974467896,110.72387937581112,0.9518344308535899,1.2782583470656492,0.7940105819604552,110.54720439345691,1.1306008787656452
0.2,200.0,hyperbolic,False,4,0.90886622225152,0.8932456148910188,0.6589440344859958,112.79701774742186,0.945116720247303,1.2638197686070594,0.7821755579532019,112.25679841273283,1.124197388632023
0.2,200.0,hyperbolic,False,5,0.8464462071935707,0.8767815948089707,0.6477751404852989,113.92110333474335,0.9363661649210584,1.241647660453743,0.7709025645171005,113.09601885955925,1.1142924483517525
0.2,200.0,hyperbolic,False,6,0.8633936626888882,0.8558085995647952,0.6358036033968744,114.7475237203889,0.9250992376846903,1.2112038388987567,0.757977556112699,113.8469630999818,1.1005470634637833
0.2,200.0,hyperbolic,False,7,0.8343156049219526,0.8295281953134827,0.6237608450774869,115.3070745402549,0.9107843846451709,1.172778039056564,0.7446396935182922,114.69492965037573,1.0829487702825855
0.2,200.0,hyperbolic,False,8,0.7898266450023261,0.7987748847525811,0.6105885072879469,116.68408379349582,0.8937420683578574,1.1253479014490253,0.7290223363466753,117.0677298385191,1.0608241614183875
0.2,200.0,hyperbolic,False,9,0.7602000247130049,0.7645459108263533,0.5964696735665281,119.58666482298186,0.8743831601914308,1.0738234116095249,0.7125465939261566,121.6496581792426,1.036254511020109
0.2,200.0,hyperbolic,False,10,0.7779761227805202,0.7284161292852085,0.5816278038120777,124.21267424766901,0.8534729809930766,1.0179243692170794,0.6945869617685194,128.4334256711558,1.0089223801745502
0.2,200.0,hyperbolic,False,11,0.6907720937454533,0.6958940415599636,0.5666474176676369,130.14814361416572,0.8342026381880865,0.9675403066049112,0.6767524100247718,136.25012281985255,0.9836362674306551
0.2,200.0,hyperbolic,False,12,0.6989302105122359,0.6648205641970456,0.5522748533019234,137.11207107074793,0.8153652949427304,0.9191297242574603,0.6595076969257012,145.25742290635242,0.9587125347347141
0.2,200.0,hyperbolic,False,13,0.6507471644920166,0.6388361511107917,0.5393709948899391,144.27020315937597,0.7992722634439354,0.877558722952816,0.6437895096245204,154.41140494881319,0.9367810432287879
0.2,200.0,hyperbolic,False,14,0.6279883018268324,0.6175065459422419,0.5281821464522385,151.24360374351824,0.7858158473473552,0.8430724362625139,0.6300998842577896,163.25061287207464,0.9181897604866404
0.2,200.0,hyperbolic,False,15,0.5960113175004442,0.599660714270077,0.5191160061631133,157.74318604303744,0.7743776302748402,0.8131096147209684,0.6183422158146101,171.64700700282037,0.9017259088664185
0.2,200.0,hyperbolic,False,16,0.6276526495588021,0.5868288077344405,0.5111145348660623,163.40582349839426,0.7660475231566515,0.78983615018497,0.6078392611056997,178.8062670986986,0.8887272642295667
0.2,200.0,hyperbolic,False,17,0.5869241648083814,0.5770867150450978,0.5045941883438333,167.97430879015153,0.75966223747472,0.7741597170863196,0.5999675430788589,184.58499590684997,0.8798634650252956
0.2,200.0,hyperbolic,False,18,0.5586442948606248,0.5685315769270202,0.4997145690819224,171.99451631908877,0.7540103294564473,0.7586108831880248,0.5930762519086082,189.9060591446913,0.8709827111877851
0.2,200.0,hyperbolic,False,19,0.5786810064183496,0.561987961494477,0.4957081996834997,174.89024043497616,0.7496585632769608,0.7464232188518917,0.5872784664121846,193.90335341351118,0.8639578802533673
0.2,200.0,hyperbolic,False,20,0.5721760228554779,0.5568105229916417,0.49218853808081564,177.12539972989074,0.7461973753583174,0.7374596166833539,0.5826295670127234,196.91332390911646,0.8587546894680423
0.2,200.0,hyperbolic,False,21,0.5658700972986973,0.5523393617542548,0.4896958020010897,178.78986276948683,0.7431953725328588,0.7290309702403077,0.5787216485742396,199.44154219047758,0.8538331044415576
0.2,200.0,hyperbolic,False,22,0.5687935665841694,0.5484428167273508,0.4872800587714351,180.04872831033185,0.7405692518106263,0.7219380230825638,0.5751325793967196,201.4101194270081,0.8496693610355524
0.2,200.0,hyperbolic,False,23,0.5470941461030846,0.5448916996959771,0.4846966460856013,181.14905642901954,0.738167799145951,0.715394679491765,0.5713728461048196,203.18078001708008,0.845810072942954
0.2,200.0,hyperbolic,False,24,0.5461442600239381,0.5418443956595158,0.48239147700612117,181.76735495312525,0.7361008053653493,0.7098529116015568,0.5680309095122481,204.30091787755597,0.8425276918900392
0.2,200.0,hyperbolic,False,25,0.5368428536142423,0.5391233892780598,0.4808242741647541,181.972810516548,0.7342502225250326,0.7051323907119091,0.5655959420960032,205.02767071296307,0.839721615008158
0.2,200.0,krum,False,1,0.9399140400933885,0.9426813304563549,0.7218133290092037,122.29411489317997,0.9709177773922748,1.304690439845914,0.8379625018488654,122.16294030995216,1.142230467045033
0.2,200.0,krum,False,2,0.9221034406153398,0.933913854203213,0.7056181221594453,113.38019181222148,0.9663921844692315,1.3038872853617802,0.8247603891320926,113.70518654376328,1.1418788400534359
0.2,200.0,krum,False,3,0.9384468893442198,0.9277588789151093,0.6930471273864841,110.57537316016577,0.9632024080716935,1.3035513340869798,0.8144902212617234,110.84649109550833,1.1417317259702384
0.2,200.0,krum,False,4,0.9236731462041351,0.9221499729727474,0.6828530787639425,111.46809152263887,0.960286401534848,1.3017899435814295,0.8060274948117132,111.48089122788005,1.1409600972783533
0.2,200.0,krum,False,5,0.9251466579735279,0.9180910184492017,0.6749689934985558,113.0993307863044,0.9581706624861782,1.2993833776389327,0.7992090105262318,112.85685725640302,1.1399049862330337
0.2,200.0,krum,False,6,0.904190039871452,0.9137223202421844,0.6684801535500392,114.66475839006469,0.9558882362714715,1.2954511976687708,0.7933677987829763,114.17401888294194,1.138178895283501
0.2,200.0,krum,False,7,0.8782191591807337,0.9086135734116363,0.6626056611608798,116.05647358917383,0.9532122394365466,1.2900453039975923,0.7880341705533992,115.28811559760798,1.135801612957823
0.2,200.0,krum,False,8,0.9096045302592706,0.9026214626974591,0.6577914773306462,116.96735286607873,0.9500639255847256,1.282356048855826,0.783364660295297,115.90928607258475,1.1324116075243251
0.2,200.0,krum,False,9,0.88728334725112,0.8958412527898761,0.6533150525154579,117.64665269772027,0.9464889079064139,1.2730278534309887,0.7788541978883164,116.29814161612708,1.128285359929388
0.2,200.0,krum,False,10,0.8969288803462949,0.8872704794195211,0.6494009294170741,117.8263548895319,0.9419503593181124,1.2603074220296377,0.7745213709611402,116.19541283548824,1.122634144336274
0.2,200.0,krum,False,11,0.8863276039537425,0.8772027650586912,0.645125877238799,117.89497059620531,0.9365910340477808,1.2440427421966447,0.7692947097202617,116.07701967827741,1.115366640256308
0.2,200.0,krum,False,12,0.8583734368505044,0.8656458435841253,0.6403419637234411,118.05059507702023,0.93040090476317,1.2273708813101332,0.7640494206639638,116.07519676197818,1.107867718326576
0.2,200.0,krum,False,13,0.8620179472404106,0.8524210870823014,0.6349390528710742,118.29545563018328,0.9232665309011809,1.206448155307324,0.7574945542516939,116.2703939375261,1.0983843386116374
0.2,200.0,krum,False,14,0.8363584587959764,0.8382566810072025,0.6291833043659988,118.64730401173821,0.9155635865450321,1.1854676782527818,0.7509643886744763,116.78653281703839,1.0887918433992705
0.2,200.0,krum,False,15,0.8200162566815302,0.8225244725140456,0.623051347783782,119.27278398604531,0.9069313493942337,1.1608160962568266,0.7434800843369969,117.70055272185327,1.0774117579908002
0.2,200.0,krum,False,16,0.8305340912018981,0.8052416715387986,0.6168823802505428,120.0003062367111,0.8973525904229611,1.134456569346312,0.7360681705496956,119.02264973892198,1.0651087124544198
0.2,200.0,krum,False,17,0.7689296427383044,0.7874118831252384,0.6098109330309593,121.34982075815299,0.8873623178416121,1.106973146166757,0.7275978256129827,121.14126142379864,1.0521279134053791
0.2,200.0,krum,False,18,0.7872900210634292,0.7682417610607971,0.6020555548028006,123.17170602648422,0.8764940165573277,1.0775191328514402,0.7182981676608066,123.95114776112095,1.0380361905306772
0.2,200.0,krum,False,19,0.7794156746294733,0.7487932779591218,0.5943075564095389,125.34181119296015,0.8653284220220215,1.0472405818856765,0.7088942666917571,127.26565839862268,1.0233477326332807
0.2,200.0,krum,False,20,0.7432799789810849,0.7291600575374666,0.5864161093932866,127.7954942039391,0.8539086939113962,1.016701820297776,0.699221475808933,131.04071904963965,1.0083163294808708
0.2,200.0,krum,False,21,0.7268564132190196,0.709825687110424,0.5780089869194863,130.59993402136993,0.842511535298137,0.9864240022741746,0.6889421049462471,135.16871147070222,0.9931888049480696
0.2,200.0,krum,False,22,0.7169576093345602,0.6912689813734773,0.5694510476132474,133.7945155416247,0.8314258724465322,0.9577608821548034,0.6787687595544311,139.73069240135993,0.9786525850141118
0.2,200.0,krum,False,23,0.6673577596720691,0.6722205097778379,0.5610044764035736,137.50754595538416,0.8198905474377893,0.9280644024365416,0.6685126662274068,144.9192142706164,0.9633609927937407
0.2,200.0,krum,False,24,0.6502407745536521,0.6553169999654606,0.5526537783182108,141.27651418231545,0.8095165223548316,0.9015090146632952,0.6584646281323132,150.02809314675255,0.9494782855143635
0.2,200.0,krum,False,25,0.6388087941368468,0.6388623013256867,0.5440125472641031,145.32690247859742,0.7992886220419296,0.8757699219701446,0.6481267187430925,155.39447251031012,0.9358257968073677
0.2,200.0,average,True,1,0.9170715131352996,0.9394875310500649,0.7146338509431852,119.21663103604968,0.9692716497711387,1.30379625124352,0.8316306681504326,119.29562606971122,1.1418389778088327
0.2,200.0,average,True,2,0.9241004824707998,0.9328520888828229,0.7062522514676582,114.47846981028317,0.965842683299316,1.3003291796858065,0.8246859506658178,114.75313487959917,1.1403197708037016
0.2,200.0,average,True,3,0.9104288108298711,0.9268146105737329,0.6985281499450785,111.15121523524874,0.9627121119907721,1.2965503307146446,0.8180452458434772,111.51582452462112,1.1386616401348755
0.2,200.0,average,True,4,0.9204952427508118,0.923017757553085,0.6920003030851524,109.4233161919036,0.9607381316222882,1.2951067246009256,0.8126340806354154,109.71278518235164,1.1380275588055526
0.2,200.0,average,True,5,0.955551502199095,0.9183894224186367,0.6855982622967592,109.00425729607058,0.9583263652945362,1.2916846420163306,0.8069802187692088,109.074493963469,1.1365230494874843
0.2,200.0,average,True,6,0.911716850961898,0.9133434199910855,0.6794833317440513,109.49262159483222,0.9556900229630345,1.2876031908476464,0.8016856805227669,109.28130055904812,1.1347260422003393
0.2,200.0,average,True,7,0.9505302159585686,0.9089899482640708,0.6738799208236415,110.34399793241583,0.9534096434712996,1.2826045372775783,0.7963470875089328,109.87251496794732,1.1325213186856917
0.2,200.0,average,True,8,0.9095024254486382,0.9042569960806971,0.6683858709880575,111.27936554839187,0.9509242851461398,1.2791301699999338,0.7918096777135054,110.56384964789547,1.1309863703864578
0.2,200.0,average,True,9,0.9451660498558918,0.8992046174532342,0.6632372249478291,112.14317583450408,0.9482640019811119,1.2731365550344236,0.7868807873309743,111.20490984774814,1.1283335300497028
0.2,200.0,average,True,10,0.9020545761858192,0.8939488084516792,0.6581691444733737,112.95189108072034,0.9454886611967799,1.2674646547464568,0.7822786231542356,111.79078497793296,1.1258173274321446
0.2,200.0,average,True,11,0.9214421957034931,0.8881742438284036,0.6531673512745921,113.6757799107483,0.9424299675988681,1.2594425433149963,0.777171722751515,112.30070166464614,1.1222488776180604
0.2,200.0,average,True,12,0.8664601993372786,0.8819497620390955,0.6480243863184956,114.39742482822453,0.9391218036224563,1.2525912818507614,0.7725230997219824,112.7998853696073,1.1191922452602865
0.2,200.0,average,True,13,0.8702757274644954,0.8750897543243715,0.6428874848520345,115.04738938701335,0.9354623211676522,1.242859232091458,0.7671751737404435,113.23694630447952,1.1148359664504273
0.2,200.0,average,True,14,0.9064403127043326,0.8681226987913947,0.637764860412661,115.6990548207234,0.9317310227696589,1.2341678359798183,0.7622887141218695,113.70694304860982,1.1109310671593526
0.2,200.0,average,True,15,0.8959474287161203,0.8604445933042285,0.6325046264257134,116.33814166809888,0.9276015272218069,1.223758030717618,0.7570301705612914,114.1996396038766,1.1062359742467327
0.2,200.0,average,True,16,0.8555957687862008,0.8521860601885296,0.627207842544431,116.94033450785524,0.9231392420369365,1.2128808055525628,0.7517656756894828,114.72842191963437,1.1013086785967696
0.2,200.0,average,True,17,0.8562170649208477,0.8439751619072718,0.6219088089522249,117.63873082412016,0.9186812079863569,1.2003919640991176,0.7460000030698074,115.36098852640839,1.095624006719056
0.2,200.0,average,True,18,0.8109930891578443,0.8350882093274148,0.6165114930121447,118.35138244367118,0.9138316088467365,1.1888545681940061,0.740699043901413,116.11251347665656,1.090346077258962
0.2,200.0,average,True,19,0.8501022848361564,0.8257948767010853,0.6109755018870553,119.17241393720556,0.9087325661057192,1.175708159665081,0.7349284714851745,117.03098051463361,1.084300769927367
0.2,200.0,average,True,20,0.8270480975717585,0.8168067448885641,0.6056157839113999,120.07429856131813,0.9037736137377347,1.1614911794383949,0.728869830436993,118.07634877012529,1.0777250017691873
0.2,200.0,average,True,21,0.8316696889733322,0.8070894282346017,0.600138206848781,121.02307062402942,0.8983815604934251,1.1474481988176006,0.7230076983972247,119.19803609338082,1.071190085287201
0.2,200.0,average,True,22,0.7923259337685097,0.7967612607596076,0.5947080909535764,122.03732856999532,0.8926148445772161,1.1332564170115462,0.717430157573673,120.56997417084997,1.0645451690799907
0.2,200.0,average,True,23,0.7885833261621611,0.7864307013697156,0.5892585491343636,123.15166802403226,0.8868092812830252,1.1177820543819499,0.7113708198022983,122.05900257449369,1.0572521243213229
0.2,200.0,average,True,24,0.7629736872720663,0.7762093640446106,0.5839194489065042,124.34978212698758,0.8810274479518845,1.1026405006925637,0.7055610439615084,123.6873355218874,1.0500669029602656
0.2,200.0,average,True,25,0.7804038612711652,0.7658304102440304,0.5788014803014978,125.61895562317656,0.875117369410544,1.086999094374826,0.6997933321519995,125.43811120949191,1.0425924872042893
0.2,200.0,median,False,1,0.9176709588930428,0.9300824546507586,0.7093882712219625,116.10427952434203,0.9644078258966787,1.2917324179243819,0.8261942406411988,116.5692545683143,1.1365440677441336
0.2,200.0,median,False,2,0.9180970618100924,0.9213110728659363,0.697748164598715,112.55844855417251,0.9598495053215041,1.287196637592583,0.816546567387295,113.0494219021745,1.134546886467273
0.2,200.0,median,False,3,0.9691877512731285,0.9139423658636129,0.6880589291884607,111.2242423777803,0.9560033294207781,1.2820726894886694,0.8082072472865475,111.52345729483825,1.132286487373522
0.2,200.0,median,False,4,0.8919896775177706,0.9070146808348526,0.6800790096363735,110.83948124267214,0.952373183597088,1.2758053154031808,0.8010469901921803,110.93364721719001,1.1295155224268416
0.2,200.0,median,False,5,0.9128724403818634,0.9008788686141233,0.6729674280377808,111.0244133019373,0.9491463894542945,1.26978046593265,0.7945945850317029,110.88768994079634,1.1268453602569652
0.2,200.0,median,False,6,0.890742849697855,0.8945489925480334,0.6666291929940771,111.55322591849446,0.9458060015394454,1.261820785353117,0.7884076353116722,111.20683504503295,1.1233079654988283
0.2,200.0,median,False,7,0.8952440219957416,0.8875689675387378,0.6608135950711195,112.29688014711724,0.9421087875286684,1.2543634992336559,0.7831296337925162,111.72769680761195,1.1199837048964847
0.2,200.0,median,False,8,0.8923617714545994,0.8804173755381152,0.6553600718945035,113.01951826256528,0.9383055875023419,1.2447714930939897,0.7776518442568802,112.26201129841971,1.1156932791291654
0.2,200.0,median,False,9,0.8531870154193907,0.8723415201790979,0.6502152545020792,113.5985862647771,0.933992248457715,1.2338510570682097,0.7724549519726336,112.7167757078421,1.1107884843966513
0.2,200.0,median,False,10,0.866038517034221,0.8632956828887217,0.6453298805568989,114.03025397885251,0.9291370635642094,1.220751651258112,0.7671878291178907,113.09761356112237,1.1048763058632907
0.2,200.0,median,False,11,0.8592986962018169,0.8543867098393841,0.6399992943484621,114.66602472006223,0.9243304116166384,1.2071792085037054,0.7612424731023145,113.71498287602277,1.0987170739110708
0.2,200.0,median,False,12,0.8264347183230881,0.8445189220604495,0.6347356156692736,115.24518526658744,0.9189771063853819,1.1937462269702805,0.7558666887564202,114.34445712489843,1.0925869425223242
0.2,200.0,median,False,13,0.8242120753938906,0.833628410804216,0.6295517156995557,115.75583847284491,0.9130325354576452,1.176842771957968,0.749829189605899,115.02039863133693,1.0848238437451345
0.2,200.0,median,False,14,0.8330546124516246,0.8225092261542226,0.6242741711035947,116.41159344665306,0.9069229438900653,1.1607385121773337,0.7440673142883731,115.90655764577289,1.0773757525475194
0.2,200.0,median,False,15,0.8345551284674172,0.8107415172750148,0.618754633576656,117.14687143894993,0.9004118598036205,1.1428645512210989,0.7376944361535762,116.92574040741587,1.0690484325890472
0.2,200.0,median,False,16,0.7975662027564004,0.7988692526226846,0.6131722382527344,118.01383631499263,0.893794860481243,1.12507628029752,0.7313776998083441,118.18844615836328,1.060696130047395
0.2,200.0,median,False,17,0.7869539021331573,0.7861056447238008,0.6074056878399128,118.99293819191365,0.8866259891993923,1.1063713172328806,0.7249527672195509,119.64671237295737,1.051841868929394
0.2,200.0,median,False,18,0.8027790016973408,0.772746403431781,0.6015102091331734,120.15310928712377,0.8790599544011666,1.086148529409248,0.7181081046049418,121.35002839727997,1.0421844987377467
0.2,200.0,median,False,19,0.7739219395356758,0.760112748873011,0.5954965610404545,121.54422376341249,0.8718444522235667,1.0667922074828193,0.711146594575758,123.27409406952452,1.032856334386743
0.2,200.0,median,False,20,0.7777827512995105,0.747053381821541,0.589378936311516,123.11622817921746,0.8643224987361725,1.046987666287155,0.7041062588368567,125.42527868890984,1.0232241525135901
0.2,200.0,median,False,21,0.7247142482409689,0.7337125335759092,0.5833735486599121,124.8064418921724,0.8565702152047485,1.0267856389841186,0.6971131542250073,127.82119336938355,1.013304317065766
0.2,200.0,median,False,22,0.7132682516196064,0.7212167618291401,0.5776280690716364,126.70142302235475,0.8492448185471255,1.007115662097931,0.6901874923723278,130.39084119086453,1.0035515243862325
0.2,200.0,median,False,23,0.7108068329360441,0.7086453816949208,0.5716022106408732,128.76583606119982,0.8418107754685258,0.9873835858062049,0.6830117245754693,133.17716514893624,0.993671769653443
0.2,200.0,median,False,24,0.7068487850200629,0.6953364294892717,0.565835017268971,131.0233703206362,0.833868352612852,0.9671534202366232,0.6762030938481604,136.2819118603954,0.9834395864701722
0.2,200.0,median,False,25,0.6856735747690513,0.6833572828811463,0.5600402269187299,133.36528843695373,0.8266542704668901,0.9485661536455154,0.6693738957787051,139.41398628757636,0.973943609068572
0.3,100.0,average,True,1,0.9414718654877114,0.9297847321657376,0.7115379790591517,113.93504312621954,0.9642534584670867,1.2900851822902109,0.8278930012807729,114.16374177952977,1.135819167953337
0.3,100.0,average,True,2,0.8798532232851068,0.9230684936394759,0.7030229090402804,110.70935162941483,0.9607645360021756,1.2861364639808084,0.8207444045402551,111.12832049547596,1.1340795668650452
0.3,100.0,average,True,3,0.8905891387540603,0.9170890151409903,0.6954495394126013,108.90567754338191,0.9576476466535018,1.280947985493134,0.8138765307555094,109.4314613544941,1.1317897267130206
0.3,100.0,average,True,4,0.8858431432500621,0.9119145110528045,0.6885012032845859,108.36113234761984,0.9549421506315472,1.2777171549953033,0.8080204072069569,108.84699772028131,1.1303615151779112
0.3,100.0,average,True,5,0.9136818244914028,0.9066671484332776,0.6820025027165132,108.53260550138071,0.9521907101170844,1.2732016552831524,0.8022730241451981,108.90502456632201,1.1283623776443241
0.3,100.0,average,True,6,0.9336346615732551,0.9014447776026258,0.6758814512071365,109.19945696319617,0.9494444573552608,1.2678860765751276,0.7966248593804085,109.38919868591522,1.1260044744916105
0.3,100.0,average,True,7,0.8917590778704002,0.8959462836941826,0.6701707750550331,110.08532740241768,0.9465443907679041,1.2610659432188374,0.7910612004335046,110.063412851596,1.1229719245016045
0.3,100.0,average,True,8,0.8761058330849231,0.8900520077723766,0.6647335661434113,110.97470399662322,0.9434256768672223,1.2553548726523034,0.7862840514941066,110.76707172435421,1.1204262013413928
0.3,100.0,average,True,9,0.894423593653836,0.8838967075484379,0.6596235686063117,111.77120839959048,0.9401578099172702,1.247498222043581,0.7812828254449975,111.37256138064278,1.1169145992615466
0.3,100.0,average,True,10,0.89491777865338,0.8773226063594083,0.6546199896237754,112.5152683535058,0.9366550092533581,1.238864548295458,0.7762765305853931,111.90220805569489,1.1130429229348964
0.3,100.0,average,True,11,0.8440167948290288,0.8705864618662918,0.6495984828213615,113.26608054031198,0.9330522289059128,1.2299534218890644,0.7712710739062947,112.58886045266223,1.1090326514080027
0.3,100.0,average,True,12,0.8174747777667558,0.8630043823515701,0.6446174392402814,113.90380276093224,0.928980291691686,1.2195213425939329,0.7661278993476621,113.16051618353961,1.1043194024347904
0.3,100.0,average,True,13,0.8936697064646494,0.8549546320513587,0.6397428598544154,114.48528257588121,0.9246375679428988,1.2082278530731378,0.7610233603175833,113.68001242377326,1.0991941835149683
0.3,100.0,average,True,14,0.8517428324253202,0.845871645365363,0.6346400738846057,115.03968131833379,0.9197128059157179,1.1958285556218335,0.7557465618745015,114.2385610782842,1.0935394623066117
0.3,100.0,average,True,15,0.8765534573870006,0.8372216158868554,0.6296710290296971,115.62897124182751,0.9149981507559758,1.181956558862579,0.7499939458107237,114.87345452007038,1.0871782553300904
0.3,100.0,average,True,16,0.8299622744078112,0.8273829934056675,0.6245156210543514,116.20545813032189,0.9096059550188024,1.1677013894664907,0.7443867435013555,115.55137826599584,1.080602327161334
0.3,100.0,average,True,17,0.8350551738186138,0.8168163812049082,0.6193338289363771,116.79732691707581,0.9037789448780649,1.1529079391577532,0.7388798201891639,116.31335911618822,1.0737355070769306
0.3,100.0,average,True,18,0.8313946488757278,0.8064437832369983,0.61414942083408,117.48718644526122,0.898022150749634,1.1372883826772744,0.7330256781911829,117.19710159881596,1.06643723803948
0.3,100.0,average,True,19,0.8070530441424278,0.7952067258410922,0.6087894802813135,118.27376315126801,0.8917436435664076,1.1209429134832365,0.727107506091703,118.29235844987653,1.0587459154505563
0.3,100.0,average,True,20,0.7726468199637727,0.7836754904868447,0.6034054540376128,119.17039294622265,0.885254477812366,1.10346607599303,0.7208901393752081,119.59108855598141,1.0504599354535278
0.3,100.0,average,True,21,0.7762843142916388,0.7715654405547636,0.5978918583493169,120.19424557888581,0.8783879783755943,1.0854269753549701,0.7146030364998961,121.12881262914135,1.0418382673692546
0.3,100.0,average,True,22,0.7458483313393092,0.7600291207363116,0.5925459397526801,121.36418626495274,0.8717964904358767,1.0666316343802158,0.7080276514288408,122.86004589712948,1.032778598916639
0.3,100.0,average,True,23,0.7740334874175698,0.7481499767609846,0.5870047004120215,122.70742613268139,0.8649566328787731,1.049186961394604,0.701782600643608,124.80678152750617,1.0242982775513214
0.3,100.0,average,True,24,0.7453001158781977,0.7357726383292786,0.581327470417767,124.27049970074981,0.8577719034389496,1.030838077313432,0.6953519303073843,127.02758078101719,1.0153019636115317
0.3,100.0,average,True,25,0.7609597766928584,0.7238142889027841,0.5758391049960732,125.96354234180384,0.850772759849999,1.0121722590421962,0.6887950031192623,129.41141923232755,1.006067720902622
0.3,100.0,average,True,26,0.703070691690963,0.711696064883025,0.5702139477120753,127.80623627937551,0.8436208063360131,0.9939220595025571,0.6823658399004799,132.00752508262283,0.9969563979946952
0.3,100.0,average,True,27,0.6918080582274734,0.7001108545287748,0.5647318407718037,129.8016897049374,0.836726272163588,0.975656615657227,0.6757683243380445,134.76928915775036,0.9877533172089209
0.3,100.0,average,True,28,0.7098995129290585,0.6891640632578703,0.5594742336483025,131.86731067671076,0.8301590590109044,0.9584668452773139,0.6695033041893057,137.55876660348778,0.9790131997462107
0.3,100.0,average,True,29,0.6715549882327285,0.6780357190590596,0.5542303484295328,134.05540547026524,0.8234292435049047,0.9410014550819575,0.6632028485244378,140.51599570450358,0.9700522950243237
0.3,100.0,average,True,30,0.6690730765183396,0.6672332659363747,0.5491380163503307,136.39087579692642,0.8168434770115843,0.9238693959245058,0.6570312910134352,143.62333140628056,0.9611812502980412
0.3,100.0,median,False,1,0.9255728663128113,0.9426556238991635,0.7308990056784529,124.2224448030075,0.9709045390249051,1.296408789458676,0.844416835513422,123.97784580809,1.1385994859733057
0.3,100.0,median,False,2,0.9573558787945832,0.9345585343506292,0.7190259610571251,116.48767643456233,0.966725676885966,1.2936547379070353,0.8346099350607321,116.62150977228268,1.1373894398608753
0.3,100.0,median,False,3,0.9064656011063918,0.9282110356072956,0.7091775537335523,111.47897227676229,0.9634370947847584,1.290925291932632,0.8262925516364752,111.87434018430574,1.1361889332028507
0.3,100.0,median,False,4,0.9318488367145585,0.9224395683714163,0.7002042770127399,108.44178346521416,0.9604371756504515,1.2885305006927419,0.8188154159238872,108.94722348725476,1.135134573824946
0.3,100.0,median,False,5,0.9190828345681183,0.9179515287837136,0.6927461483635454,107.27403310555619,0.9580978701488244,1.2860099876595434,0.8123508663316135,107.73381965144976,1.1340238038328576
0.3,100.0,median,False,6,0.9251257018403751,0.9128344889695399,0.6859597503167468,107.46062619746371,0.9554237222141493,1.2819581237908835,0.8063595486305845,107.74543761403297,1.132235895823341
0.3,100.0,median,False,7,0.8664358159892749,0.9081164246825414,0.6795863606622028,108.21698928633911,0.9529514282913591,1.277302962875812,0.8004551513962138,108.34499814216947,1.1301782880925522
0.3,100.0,median,False,8,0.8398579231802826,0.9033309756038345,0.6740306398587863,109.03482598024259,0.9504372549536526,1.2715266271729335,0.7950705367612798,108.98505812859428,1.1276198948107174
0.3,100.0,median,False,9,0.9247008375997576,0.89748839901708,0.6687106382626702,109.75548144285445,0.9473586432904277,1.2669854191976173,0.7907342128991051,109.53185994739876,1.125604468362496
0.3,100.0,median,False,10,0.8933041487411361,0.8914307484002871,0.663787130549047,110.35300208075991,0.9441561038304456,1.2591833926249887,0.7858828420425331,109.96963657360376,1.1221334112417243
0.3,100.0,median,False,11,0.9085955446603421,0.8844632890388787,0.6589050547293382,110.8546746651371,0.9404590841917998,1.2497520528942625,0.7809490295885049,110.3124300337434,1.11792309793396
0.3,100.0,median,False,12,0.841200619483384,0.8768630329275799,0.6539288987165714,111.33802425623287,0.9364096501679059,1.239419801212917,0.7758699473634032,110.67569438786151,1.1132923251387827
0.3,100.0,median,False,13,0.873674753409262,0.8684408980134491,0.648825658234771,111.78039486941749,0.9319017641433291,1.2274919082628233,0.7704624278960845,111.01293913897953,1.1079223385521313
0.3,100.0,median,False,14,0.8807389185563704,0.8584959065872375,0.6438214792068478,112.03472783826125,0.9265505418417483,1.2135445690043618,0.7651508716000717,111.21007928583178,1.1016099895173255
0.3,100.0,median,False,15,0.8494540280270799,0.8477872483710819,0.6386075574485153,112.33909850694856,0.9207536306586479,1.197551765731562,0.7592754255796531,111.54411208332333,1.0943270835228205
0.3,100.0,median,False,16,0.8850522546846176,0.8367695322730274,0.6331368685073665,112.82602154858927,0.9147510766722428,1.1811132990868292,0.7531748977811087,112.1218809287148,1.0867903657499127
0.3,100.0,median,False,17,0.8291446468401178,0.824090613557078,0.6275678940608144,113.34203032641234,0.9077943674407096,1.1615129810905902,0.7465378717674542,112.86308156187626,1.077735116385557
0.3,100.0,median,False,18,0.8447334698497135,0.8108660962397807,0.621476253559066,114.18344925181427,0.9004810360245132,1.1425781644114823,0.7399311943179926,114.05938256557799,1.0689144794657253
0.3,100.0,median,False,19,0.7986555121943494,0.7968364008745857,0.6150400403810843,115.29828648173441,0.8926569334714125,1.121217163923745,0.7324682707022079,115.6742724295597,1.0588754241759248
0.3,100.0,median,False,20,0.783782180677229,0.7814813599895651,0.6091298882338055,116.46823161130622,0.8840143437691298,1.0978560692796082,0.7254040835610466,117.55048006166157,1.0477862708012584
0.3,100.0,median,False,21,0.7993951097270039,0.7661005629000263,0.6026233715751054,118.09004017312361,0.8752717080427233,1.0734533617429645,0.7174038896855324,119.93477452909485,1.0360759440036065
0.3,100.0,median,False,22,0.7725660566623523,0.7512354616458728,0.5958198654030362,119.99598308537225,0.8667384043907786,1.0515001276943172,0.7097105139657829,122.61105599603526,1.0254268026994016
0.3,100.0,median,False,23,0.7392378974462224,0.7359583539383434,0.5887667069376347,122.22233838485481,0.8578801512672638,1.0281408136693118,0.701477558971239,125.60589868837546,1.013972787440231
0.3,100.0,median,False,24,0.6941030475824514,0.721176487089039,0.5818866818893473,124.57646562213264,0.8492211061255125,1.0053867444256757,0.6933611011925652,128.79675441590783,1.0026897548223357
0.3,100.0,median,False,25,0.6869536626422517,0.7060715877146364,0.5751105866023218,127.19019173746955,0.8402806600860432,0.9825423578514116,0.6854471101634132,132.25408384690053,0.9912327465592587
0.3,100.0,median,False,26,0.7251456981681497,0.6915671990087656,0.5680137982868578,130.1118484692952,0.8316051941929931,0.9599396285609664,0.6770799822187791,136.07331752913447,0.9797650884579254
0.3,100.0,median,False,27,0.6915505122149659,0.6769956742352414,0.561272451007013,133.16062253142294,0.822797468539641,0.937497181173797,0.6690676514895388,140.0809999086149,0.9682443809151681
0.3,100.0,median,False,28,0.6593294346826934,0.6641115629088099,0.554682749554573,136.2833962551076,0.8149304037209618,0.9155489025271941,0.6606923169540168,144.0903069345182,0.9568431964157942
0.3,100.0,median,False,29,0.675559077760048,0.6523154977813502,0.5485207603907322,139.37212731198935,0.8076605089896065,0.8985704111161633,0.6539433148471773,148.02571716542826,0.947929539109402
0.3,100.0,median,False,30,0.6486394245908639,0.6411050746095515,0.5422426089961755,142.5775623856878,0.8006903737460264,0.8811609793767751,0.6466522439546215,152.02053588534673,0.9387017520899676
0.3,100.0,krum,False,1,0.9629333269582173,0.9325996684693845,0.7003703608725222,114.06645936951733,0.9657120007897719,1.3045638582416783,0.8202590785080444,114.37613965910742,1.1421750558656403
0.3,100.0,krum,False,2,0.9186519296300188,0.9256027580073504,0.6876521341823689,111.56848094148563,0.962082511018338,1.3019989993527672,0.8094743582845956,112.00227077933707,1.141051707571908
0.3,100.0,krum,False,3,0.9149342023497709,0.9173068923301229,0.6776129354470355,111.01925750438026,0.9577613963457302,1.29455108007538,0.8004639904115163,111.23364616599684,1.137783406486217
0.3,100.0,krum,False,4,0.8993373665366774,0.9082557360215164,0.6687617183031235,111.93982796207791,0.9530245201575437,1.2847902474002304,0.7922874346312898,111.79397024756632,1.1334858831940653
0.3,100.0,krum,False,5,0.9100310283878418,0.8976218786403954,0.6612710687095755,112.66280655104026,0.9474290889773205,1.2706937489108505,0.784751209948695,112.17449712439695,1.127250526241106
0.3,100.0,krum,False,6,0.8738295080262088,0.8846100336549995,0.6534755015058553,113.26489648978712,0.9405370985001067,1.2525741566564434,0.7765688388032268,112.4249674589393,1.1191845945403482
0.3,100.0,krum,False,7,0.9088577938518513,0.8684246918865454,0.6454213461434651,113.49482085004514,0.9318930689121716,1.2290710561743408,0.7677627525126934,112.47117765917113,1.108634771317561
0.3,100.0,krum,False,8,0.8746473130674284,0.8497500810946259,0.6367274518637115,113.72610935481752,0.9218188982086589,1.200718606743857,0.7578067693713628,112.68907459992785,1.0957730635235825
0.3,100.0,krum,False,9,0.8661317802164877,0.8257465376475147,0.6295279629270292,113.28415242389936,0.9087059687531026,1.162758011405713,0.7482751154556215,112.90685222052268,1.0783125759285723
0.3,100.0,krum,False,10,0.8102807137836642,0.8007177840744224,0.619953924289849,114.18017085228935,0.8948283545319864,1.1244415922142634,0.7367325356121908,114.66769172330544,1.0603969031519582
0.3,100.0,krum,False,11,0.7827721597435319,0.7732458961344211,0.610560023790199,115.69256087372956,0.8793440146691288,1.0815366637483936,0.7247820220427823,117.57761148239798,1.0399695494332484
0.3,100.0,krum,False,12,0.7219647392978735,0.7453513094615714,0.599509884811053,118.45824872440775,0.8633373092028234,1.0385272536322334,0.7113090605958744,121.87063792493629,1.0190815735907668
0.3,100.0,krum,False,13,0.7242473936944365,0.7167196958282284,0.5871593270906127,122.38292678878247,0.8465929930186219,0.9951771753970707,0.696731458074889,127.39044391075724,0.9975856732116148
0.3,100.0,krum,False,14,0.6803062618057304,0.6888815682276944,0.5753937115480444,127.09819437704095,0.8299888964484371,0.9517873762366927,0.6822703141905068,133.84652562946374,0.9755959082718073
0.3,100.0,krum,False,15,0.7018106322491837,0.6611631305139756,0.5634397800392797,132.80835799898776,0.8131193826948018,0.9080070719540676,0.6673849784043551,141.5236371568929,0.9528940507496453
0.3,100.0,krum,False,16,0.6308952410505196,0.6377950626834531,0.5505986059611004,138.99520504764737,0.7986207251777612,0.8718502865494969,0.6523408485176185,149.39232776760167,0.9337292362079581
0.3,100.0,krum,False,17,0.6155110149357085,0.6161918313564542,0.5387760045065655,145.59860716325795,0.7849788731911542,0.8371807913356852,0.6380119263450363,157.78003596006556,0.9149758419410238
0.3,100.0,krum,False,18,0.5967810450069536,0.5979736661451442,0.5280898616877517,152.20834995364902,0.7732875701478359,0.8076259328104626,0.6250126992383997,166.11043754466377,0.8986801059389612
0.3,100.0,krum,False,19,0.5491804246938674,0.5838569302077048,0.5171903474484437,158.35913639871478,0.7641053135580885,0.7845116992977178,0.6122618753065031,173.6599708802957,0.8857266504389025
0.3,100.0,krum,False,20,0.5823901165624924,0.5715857794003509,0.5088781204991774,164.20530338474796,0.7560329221669854,0.7640132069866233,0.6020589361722265,180.8653767398441,0.874078490175009
0.3,100.0,krum,False,21,0.5736510017277482,0.5615107406661889,0.50271703702956,169.11593658839027,0.7493402035565614,0.7459564328750717,0.5936493581740017,187.30060503276752,0.8636876940625423
0.3,100.0,krum,False,22,0.5410146204075802,0.554102158469853,0.4972701619734823,172.98897479958916,0.7443803856025849,0.7327045677142723,0.5864568814209863,192.3999049065156,0.8559816398231169
0.3,100.0,krum,False,23,0.5230393542725349,0.5481241181423174,0.4923442363674428,176.4357123731668,0.7403540491834413,0.7217821676597417,0.5799670222220106,196.74325965641262,0.8495776407484731
0.3,100.0,krum,False,24,0.5490031818049812,0.5440978363295582,0.4885206775819428,178.5628285130229,0.7376298776009268,0.7148753410187837,0.5753156377895782,199.46426739963158,0.8455030106503368
0.3,100.0,krum,False,25,0.5466574132790633,0.5400017623867944,0.4861117881428033,180.38293066140605,0.7348481219863017,0.7071693886384786,0.5715202466914862,202.1616989393626,0.8409336410433813
0.3,100.0,krum,False,26,0.5179354919416603,0.5367568311429469,0.48359502062423737,181.72762159181937,0.732636902662531,0.7012169322120809,0.5679798526078732,204.16224979985813,0.8373869668272136
0.3,100.0,krum,False,27,0.5293674810798229,0.5341101738615571,0.48112703581391814,182.37589550608195,0.7308284161563213,0.6967768212345159,0.5648060899298443,204.93476049359006,0.8347315863404929
0.3,100.0,krum,False,28,0.52029062355825,0.531791315666426,0.4791673533431757,182.78717282595323,0.7292402317936292,0.691816460863452,0.5618564569487418,206.0720090398057,0.831755048595109
0.3,100.0,krum,False,29,0.5229846282087476,0.5294694410654429,0.4778150200551381,183.2139296748901,0.7276465083166709,0.6882609709679524,0.5598037809055937,206.86047474058861,0.8296149534380105
0.3,100.0,krum,False,30,0.5229045208195381,0.5270577020525375,0.476501097020291,183.30674976115392,0.7259873979984346,0.68411802702418,0.5576578906935609,207.501327806519,0.8271142768832974
0.3,100.0,hyperbolic,False,1,0.9218454956312045,0.9225331403523962,0.6928749326167172,109.8381903050728,0.9604858876383329,1.2920799433627976,0.8128461042501742,110.4519360623087,1.1366969443799864
0.3,100.0,hyperbolic,False,2,0.9082105063493843,0.9095696546485491,0.6765836203346055,109.87848957600328,0.9537136124899073,1.2806881006075956,0.7982939204141758,110.03691670279156,1.1316749094185996
0.3,100.0,hyperbolic,False,3,0.9340974128866029,0.89447991845903,0.6636022619733438,111.42988733555165,0.9457694848423848,1.2634723802036214,0.7861620397394229,111.08504025279899,1.1240428729384042
0.3,100.0,hyperbolic,False,4,0.8586485754419989,0.8738508806259275,0.6521132472033375,112.04160935762464,0.9347999147549851,1.234042931382901,0.7739541154253167,111.32075622219648,1.1108748495590766
0.3,100.0,hyperbolic,False,5,0.8890203124382229,0.8480274810272956,0.638264325918501,113.029570412108,0.9208840757811461,1.196335804518138,0.7588194496434599,112.19734578720575,1.093771367571001
0.3,100.0,hyperbolic,False,6,0.8406618786366465,0.8147665228799125,0.624581646082864,113.85916119829437,0.9026441839838732,1.1470454257225322,0.743201859848048,113.74876885291624,1.0710020661616542
0.3,100.0,hyperbolic,False,7,0.794877256049174,0.7778517341711254,0.6093603291428937,116.49856179293756,0.8819590320253687,1.089886689576033,0.7248442331777641,117.88267386815924,1.043976383629454
0.3,100.0,hyperbolic,False,8,0.7424508176186931,0.7366237710012453,0.5926005220098173,121.16386147997301,0.8582678899977823,1.027515820810728,0.7050131942563246,124.83051213991803,1.0136645504360542
0.3,100.0,hyperbolic,False,9,0.7382856502119347,0.6969746933014036,0.5752919281890886,127.63359539090482,0.8348501022946596,0.9665194127325699,0.6842546732407354,133.61233386261148,0.9831171917592377
0.3,100.0,hyperbolic,False,10,0.6796098402831877,0.6598684236616175,0.5580231675477786,135.70716377161966,0.8123228567888616,0.9082741405919333,0.6632193250864381,144.28654391317048,0.9530341759831771
0.3,100.0,hyperbolic,False,11,0.6482769158085652,0.6293668970813818,0.5414536319823201,144.32835864890146,0.7933264757219324,0.8605852965439591,0.6436516121676833,155.21604404285557,0.9276773666226632
0.3,100.0,hyperbolic,False,12,0.6333813036435119,0.6048289193101576,0.5281392534834011,152.42480969040423,0.7777074766968346,0.8207138450903313,0.6272055351368354,165.65722282765952,0.9059325830823899
0.3,100.0,hyperbolic,False,13,0.5951793512033525,0.5866602975004744,0.5163223854992796,159.8177976948572,0.7659375284580815,0.7909101781165488,0.6128962445295334,174.8339377032723,0.8893313095334882
0.3,100.0,hyperbolic,False,14,0.5674677869200567,0.5733031136828048,0.506899078757,166.1224066245055,0.757167823988054,0.7679766721536065,0.6011913842138901,182.77832666889353,0.8763427823366873
0.3,100.0,hyperbolic,False,15,0.5765214661118861,0.5637242109558293,0.5002660257476486,170.665706314348,0.7508156970627541,0.7510202567432528,0.5925340928749634,188.79248352569763,0.8666142491000554
0.3,100.0,hyperbolic,False,16,0.5486549797389552,0.5560778522533234,0.4943718908566758,174.6563840781094,0.7457062774667539,0.7373075481051596,0.5848838898811476,193.64283028643834,0.8586661447298127
0.3,100.0,hyperbolic,False,17,0.5603756797804593,0.5496075186077679,0.49058810663536867,177.37725697760425,0.741355190585301,0.7256904105159724,0.5794237923840647,197.61475023642845,0.851874644836887
0.3,100.0,hyperbolic,False,18,0.5425740553884306,0.5447149476227916,0.48680383072933936,179.6225578432914,0.7380480659298496,0.7166035088980309,0.5741855761934059,200.67858409438105,0.8465243699374703
0.3,100.0,hyperbolic,False,19,0.5297639817521672,0.5407221331913895,0.4838865792159096,180.82096390862898,0.7353381080777669,0.7092921420514027,0.5700057183567561,202.32822230426012,0.8421948361581201
0.3,100.0,hyperbolic,False,20,0.534361660010486,0.536975358517092,0.48149854408092047,181.75309246215426,0.7327860250558085,0.702346022162482,0.5663004665681036,204.26398851709058,0.8380608702012533
0.3,100.0,hyperbolic,False,21,0.5465269188318297,0.5340951436033873,0.479226596314498,182.06438595068823,0.7308181330559521,0.6972316596831116,0.5630845039128048,205.0213464228892,0.835003987824676
0.3,100.0,hyperbolic,False,22,0.5147923478839275,0.5311204876367733,0.47749989977887175,182.2270475998383,0.7287801366919747,0.69198395729622,0.560303726183659,205.76952296831732,0.8318557310593105
0.3,100.0,hyperbolic,False,23,0.556277144665473,0.5283835978360376,0.47586117993216054,182.34527409691154,0.7268999916329877,0.6870019433097304,0.5575670757876696,206.4260961211185,0.828855803689478
0.3,100.0,hyperbolic,False,24,0.519646541798644,0.5258529410462514,0.474343955440568,182.3371889503416,0.7251571836824423,0.6825000030972134,0.5550415214965587,206.94157648928316,0.8261355839674341
0.3,100.0,hyperbolic,False,25,0.5501767725239848,0.5237242029370549,0.47289090991362864,181.97171104188078,0.723687918191989,0.6782688183762203,0.5525527010976264,206.62932660234614,0.8235707731435231
0.3,100.0,hyperbolic,False,26,0.5422347520051576,0.5218974683677482,0.47108652107778076,181.86799547018413,0.7224247146711885,0.6754161845022273,0.550191238207898,207.08654336718197,0.8218370790504814
0.3,100.0,hyperbolic,False,27,0.5160830648807443,0.5200719154814136,0.4699090027634403,181.4885375261009,0.721160117783432,0.6726620783594167,0.5484562096126512,207.1560123186466,0.8201597883092152
0.3,100.0,hyperbolic,False,28,0.5245924382427029,0.5181785374183521,0.4689052649874923,181.17744423640667,0.7198461901117155,0.6691737493900495,0.5464877022780785,207.3064096876699,0.8180304085974124
0.3,100.0,hyperbolic,False,29,0.5161317199747139,0.5163401964111863,0.46787613502109876,181.06358359195036,0.7185681571091126,0.6659562339849561,0.5445731526413468,207.6857295386443,0.8160614155717424
0.3,100.0,hyperbolic,False,30,0.5239246585188764,0.5147532030731161,0.46666117277235375,181.03983636519342,0.7174630325481001,0.6633521631777843,0.5427442133836606,208.04451585025885,0.8144643412561315
0.3,200.0,average,True,1,0.9194914613998382,0.9324633732229193,0.7127040238018536,114.43171837508301,0.9656414309788698,1.2942857355157906,0.8294157701928881,114.59664846217603,1.1376667945913648
0.3,200.0,average,True,2,0.886322057692804,0.9252062023173426,0.703973012305864,110.83002483279452,0.9618763965901973,1.289125880348348,0.8218337204597449,111.20216644850642,1.1353967942302585
0.3,200.0,average,True,3,0.9501411654751435,0.9190094445562251,0.6962163366776194,108.603701108605,0.9586498028770596,1.2823123096305633,0.8144371472128104,109.01472223228959,1.132392294936063
0.3,200.0,average,True,4,0.9042525433491324,0.912736694319783,0.688900599166147,107.7903478881555,0.9553725421634134,1.2790101139901955,0.808618526845394,108.10653036876137,1.1309332933423595
0.3,200.0,average,True,5,0.8914092903103784,0.9068100392539925,0.6822139811120758,107.85705489706994,0.9522657398300081,1.272615804014919,0.8023615095981983,108.0358501201645,1.128102745327268
0.3,200.0,average,True,6,0.9028081153911129,0.9009135816698877,0.6760026622697987,108.52159334811058,0.949164675738561,1.2666426707651013,0.7967277613084723,108.51154364421785,1.1254522072327644
0.3,200.0,average,True,7,0.8846008282015535,0.8945639531049773,0.6700701678470379,109.33929548533806,0.9458139103993858,1.259640507051878,0.7912559205580434,109.11657475836006,1.1223370737224525
0.3,200.0,average,True,8,0.9014004968176378,0.8881188514772976,0.6643967488184236,110.18649107041342,0.9424005790943136,1.2516591223043816,0.7857699519881388,109.781683895506,1.1187757247564776
0.3,200.0,average,True,9,0.8921103484789344,0.8807253702500156,0.6587461901297356,110.98215788993484,0.9384696959678643,1.2418443541103434,0.7800954072716231,110.40686339932459,1.1143807042973883
0.3,200.0,average,True,10,0.8786937302657377,0.8736237701829349,0.6535882250149313,111.68598322763789,0.9346784314313319,1.2326613709191296,0.7750558364162944,110.96743700608249,1.110252840986741
0.3,200.0,average,True,11,0.889605865944351,0.8654733945693925,0.6482778093333219,112.35687024154133,0.9303082255733272,1.2216066509206718,0.7696324039198417,111.53919442088538,1.1052631591257676
0.3,200.0,average,True,12,0.8614076548473579,0.8571074577483618,0.6431105942651287,112.98259856988054,0.9258009817171085,1.2095730644520197,0.764192961946087,112.09953251040304,1.0998059212661204
0.3,200.0,average,True,13,0.8571097388793932,0.8479631815419019,0.637748836468134,113.62312258681173,0.9208491632954345,1.1967410035779542,0.7585589725359415,112.72174118101468,1.0939565821265276
0.3,200.0,average,True,14,0.8578956774218338,0.8383930210964144,0.632505388825516,114.22778831166296,0.9156380404376036,1.1815929125959628,0.75251130062974,113.36977885467576,1.087010999298518
0.3,200.0,average,True,15,0.8175805634079135,0.8280710096810465,0.6270544202623352,114.88730591220802,0.9099840711139106,1.1674124474558876,0.746900527441778,114.12081210297893,1.0804686240034402
0.3,200.0,average,True,16,0.7990641461633076,0.8168383160275277,0.6215099622511241,115.57825507505115,0.90379107985614,1.1509757111562746,0.7407887937439654,114.99673066430647,1.072835360694396
0.3,200.0,average,True,17,0.808995332203318,0.8057786466153426,0.6160668859611413,116.36225193035222,0.897651740161708,1.1342284224022214,0.7346227301043119,116.04177609400219,1.0650016067603942
0.3,200.0,average,True,18,0.8193746391927528,0.7940925170676173,0.6105571539979298,117.2779867754461,0.8911186885413286,1.1164168743329628,0.7282598499703006,117.28047185434502,1.0566063005362796
0.3,200.0,average,True,19,0.7876981089640165,0.7817149079779041,0.6048639490295573,118.31959838628363,0.8841464290364488,1.0977729776195277,0.7217639505899968,118.77364560024108,1.0477466189969442
0.3,200.0,average,True,20,0.7456992841630339,0.7691615843953931,0.5991502647854012,119.52605759806687,0.8770185769956034,1.0787080607124577,0.7151680424970248,120.53882416831037,1.0386087139594284
0.3,200.0,average,True,21,0.7779916302240062,0.755928200956817,0.5934140226926262,120.87791788821487,0.8694413154185952,1.058612377704861,0.7084236770210334,122.53314443123784,1.0288889044522063
0.3,200.0,average,True,22,0.7284271801847999,0.742756280108033,0.5876715571382993,122.41696490874321,0.861833092952477,1.0377908936727827,0.7014165123330642,124.7953866816845,1.0187202234533201
0.3,200.0,average,True,23,0.7068360909715156,0.7303714777612798,0.5820911913306898,124.07751792813448,0.8546177377993507,1.0184600808631594,0.6947236175700152,127.18153070348244,1.0091878323003898
0.3,200.0,average,True,24,0.6952321166607821,0.7174056291440937,0.5763345657213835,125.94229642938741,0.8469980101181429,0.9992692913407477,0.6881655773241091,129.8200314941296,0.9996345789040851
0.3,200.0,average,True,25,0.7016358272842714,0.7051967125838605,0.5707272927407686,127.90152791883094,0.8397599136561953,0.9802106490759092,0.6814451358161421,132.5443591210676,0.9900558817945122
0.3,200.0,average,True,26,0.6824962378906034,0.6928041431112825,0.5651449231650632,129.97720476029062,0.8323485706789449,0.9612463709906997,0.6748344904431293,135.4127465997777,0.9804317268380801
0.3,200.0,average,True,27,0.7039097586350742,0.6806724679038346,0.5597132891010645,132.1790908610706,0.8250287679249946,0.9422966858772474,0.668198161611945,138.41469026550882,0.9707196741991209
0.3,200.0,average,True,28,0.6848163877866257,0.6692066829059725,0.5545773889732599,134.4398896613487,0.818050538112391,0.9236800497937425,0.6616749276726923,141.51285622662317,0.9610827486713839
0.3,200.0,average,True,29,0.6605027639176523,0.6578596473157963,0.5490929266309473,136.91622525830766,0.811085474728648,0.9062928498905396,0.6552827991725166,144.80693096705303,0.9519941438320614
0.3,200.0,average,True,30,0.666680768619631,0.6473230646105013,0.5441455812072593,139.43214715608045,0.8045638971582687,0.8892962170817028,0.6490339536111576,148.11349151986556,0.9430250352359172
0.3,200.0,average,True,1,0.9194914613998382,0.9324633732229193,0.7127040238018536,114.43171837508301,0.9656414309788698,1.2942857355157906,0.8294157701928881,114.59664846217603,1.1376667945913648
0.3,200.0,average,True,2,0.886322057692804,0.9252062023173426,0.703973012305864,110.83002483279452,0.9618763965901973,1.289125880348348,0.8218337204597449,111.20216644850642,1.1353967942302585
0.3,200.0,average,True,3,0.9501411654751435,0.9190094445562251,0.6962163366776194,108.603701108605,0.9586498028770596,1.2823123096305633,0.8144371472128104,109.01472223228959,1.132392294936063
0.3,200.0,average,True,4,0.9042525433491324,0.912736694319783,0.688900599166147,107.7903478881555,0.9553725421634134,1.2790101139901955,0.808618526845394,108.10653036876137,1.1309332933423595
0.3,200.0,average,True,5,0.8914092903103784,0.9068100392539925,0.6822139811120758,107.85705489706994,0.9522657398300081,1.272615804014919,0.8023615095981983,108.0358501201645,1.128102745327268
0.3,200.0,average,True,6,0.9028081153911129,0.9009135816698877,0.6760026622697987,108.52159334811058,0.949164675738561,1.2666426707651013,0.7967277613084723,108.51154364421785,1.1254522072327644
0.3,200.0,average,True,7,0.8846008282015535,0.8945639531049773,0.6700701678470379,109.33929548533806,0.9458139103993858,1.259640507051878,0.7912559205580434,109.11657475836006,1.1223370737224525
0.3,200.0,average,True,8,0.9014004968176378,0.8881188514772976,0.6643967488184236,110.18649107041342,0.9424005790943136,1.2516591223043816,0.7857699519881388,109.781683895506,1.1187757247564776
0.3,200.0,average,True,9,0.8921103484789344,0.8807253702500156,0.6587461901297356,110.98215788993484,0.9384696959678643,1.2418443541103434,0.7800954072716231,110.40686339932459,1.1143807042973883
0.3,200.0,average,True,10,0.8786937302657377,0.8736237701829349,0.6535882250149313,111.68598322763789,0.9346784314313319,1.2326613709191296,0.7750558364162944,110.96743700608249,1.110252840986741
0.3,200.0,average,True,11,0.889605865944351,0.8654733945693925,0.6482778093333219,112.35687024154133,0.9303082255733272,1.2216066509206718,0.7696324039198417,111.53919442088538,1.1052631591257676
0.3,200.0,average,True,12,0.8614076548473579,0.8571074577483618,0.6431105942651287,112.98259856988054,0.9258009817171085,1.2095730644520197,0.764192961946087,112.09953251040304,1.0998059212661204
0.3,200.0,average,True,13,0.8571097388793932,0.8479631815419019,0.637748836468134,113.62312258681173,0.9208491632954345,1.1967410035779542,0.7585589725359415,112.72174118101468,1.0939565821265276
0.3,200.0,average,True,14,0.8578956774218338,0.8383930210964144,0.632505388825516,114.22778831166296,0.9156380404376036,1.1815929125959628,0.75251130062974,113.36977885467576,1.087010999298518
0.3,200.0,average,True,15,0.8175805634079135,0.8280710096810465,0.6270544202623352,114.88730591220802,0.9099840711139106,1.1674124474558876,0.746900527441778,114.12081210297893,1.0804686240034402
0.3,200.0,average,True,16,0.7990641461633076,0.8168383160275277,0.6215099622511241,115.57825507505115,0.90379107985614,1.1509757111562746,0.7407887937439654,114.99673066430647,1.072835360694396
0.3,200.0,average,True,17,0.808995332203318,0.8057786466153426,0.6160668859611413,116.36225193035222,0.897651740161708,1.1342284224022214,0.7346227301043119,116.04177609400219,1.0650016067603942
0.3,200.0,average,True,18,0.8193746391927528,0.7940925170676173,0.6105571539979298,117.2779867754461,0.8911186885413286,1.1164168743329628,0.7282598499703006,117.28047185434502,1.0566063005362796
0.3,200.0,average,True,19,0.7876981089640165,0.7817149079779041,0.6048639490295573,118.31959838628363,0.8841464290364488,1.0977729776195277,0.7217639505899968,118.77364560024108,1.0477466189969442
0.3,200.0,average,True,20,0.7456992841630339,0.7691615843953931,0.5991502647854012,119.52605759806687,0.8770185769956034,1.0787080607124577,0.7151680424970248,120.53882416831037,1.0386087139594284
0.3,200.0,average,True,21,0.7779916302240062,0.755928200956817,0.5934140226926262,120.87791788821487,0.8694413154185952,1.058612377704861,0.7084236770210334,122.53314443123784,1.0288889044522063
0.3,200.0,average,True,22,0.7284271801847999,0.742756280108033,0.5876715571382993,122.41696490874321,0.861833092952477,1.0377908936727827,0.7014165123330642,124.7953866816845,1.0187202234533201
0.3,200.0,average,True,23,0.7068360909715156,0.7303714777612798,0.5820911913306898,124.07751792813448,0.8546177377993507,1.0184600808631594,0.6947236175700152,127.18153070348244,1.0091878323003898
0.3,200.0,average,True,24,0.6952321166607821,0.7174056291440937,0.5763345657213835,125.94229642938741,0.8469980101181429,0.9992692913407477,0.6881655773241091,129.8200314941296,0.9996345789040851
0.3,200.0,average,True,25,0.7016358272842714,0.7051967125838605,0.5707272927407686,127.90152791883094,0.8397599136561953,0.9802106490759092,0.6814451358161421,132.5443591210676,0.9900558817945122
0.3,200.0,average,True,26,0.6824962378906034,0.6928041431112825,0.5651449231650632,129.97720476029062,0.8323485706789449,0.9612463709906997,0.6748344904431293,135.4127465997777,0.9804317268380801
0.3,200.0,average,True,27,0.7039097586350742,0.6806724679038346,0.5597132891010645,132.1790908610706,0.8250287679249946,0.9422966858772474,0.668198161611945,138.41469026550882,0.9707196741991209
0.3,200.0,average,True,28,0.6848163877866257,0.6692066829059725,0.5545773889732599,134.4398896613487,0.818050538112391,0.9236800497937425,0.6616749276726923,141.51285622662317,0.9610827486713839
0.3,200.0,average,True,29,0.6605027639176523,0.6578596473157963,0.5490929266309473,136.91622525830766,0.811085474728648,0.9062928498905396,0.6552827991725166,144.80693096705303,0.9519941438320614
0.3,200.0,average,True,30,0.666680768619631,0.6473230646105013,0.5441455812072593,139.43214715608045,0.8045638971582687,0.8892962170817028,0.6490339536111576,148.11349151986556,0.9430250352359172
